geoName,interest,date,lat,long
Detroit MI,50,2019-01-01,42.3315509,-83.0466403
Kansas City MO,100,2019-01-01,39.100105,-94.5781416
Los Angeles CA,13,2019-01-01,34.0536909,-118.2427666
New York NY,9,2019-01-01,40.7127281,-74.0060152
Ft. Wayne IN,33,2019-01-07,41.0799898,-85.1386015
Houston TX,2,2019-01-07,29.7589382,-95.3676974
Los Angeles CA,2,2019-01-07,34.0536909,-118.2427666
Nashville TN,6,2019-01-07,36.1622296,-86.7743531
New York NY,1,2019-01-07,40.7127281,-74.0060152
Rapid City SD,100,2019-01-07,44.081176,-103.228006
Salt Lake City UT,6,2019-01-07,40.7596198,-111.8867975
Tampa,4,2019-01-07,27.9477595,-82.458444
Washington DC,2,2019-01-07,38.8948932,-77.0365529
Chattanooga TN,100,2019-01-14,35.0457219,-85.3094883
New York NY,3,2019-01-14,40.7127281,-74.0060152
Austin TX,34,2019-01-21,30.2711286,-97.7436995
Dayton OH,100,2019-01-21,39.7589478,-84.1916069
Norfolk,47,2019-01-21,52.666667,1.0
Phoenix AZ,17,2019-01-21,33.4484367,-112.0741417
New York NY,31,2019-01-28,40.7127281,-74.0060152
Philadelphia PA,100,2019-01-28,39.9527237,-75.1635262
Dallas,5,2019-02-04,32.7762719,-96.7968559
Ft. Wayne IN,100,2019-02-04,41.0799898,-85.1386015
Los Angeles CA,3,2019-02-04,34.0536909,-118.2427666
Santa Barbara,78,2019-02-04,34.4221319,-119.7026673
Cincinnati OH,7,2019-02-11,39.1014537,-84.5124602
Milwaukee WI,7,2019-02-11,43.0349931,-87.922497
Portland OR,5,2019-02-11,45.5202471,-122.6741949
San Francisco,2,2019-02-11,37.7790262,-122.4199061
Watertown NY,100,2019-02-11,43.9747838,-75.9107565
Chicago IL,10,2019-02-18,41.8755616,-87.6244212
Knoxville TN,100,2019-02-18,35.9603948,-83.9210261
New York NY,4,2019-02-18,40.7127281,-74.0060152
San Antonio TX,46,2019-02-18,29.4246002,-98.4951405
Tampa,24,2019-02-18,27.9477595,-82.458444
Boise ID,100,2019-02-25,43.6166163,-116.200886
Cleveland,19,2019-02-25,41.5051613,-81.6934446
Los Angeles CA,7,2019-02-25,34.0536909,-118.2427666
New York NY,3,2019-02-25,40.7127281,-74.0060152
Atlanta GA,97,2019-03-04,33.7490987,-84.3901849
Boston MA,100,2019-03-04,42.3602534,-71.0582912
Chicago IL,11,2019-03-11,41.8755616,-87.6244212
Columbus OH,52,2019-03-11,39.9622601,-83.0007065
Dallas,14,2019-03-11,32.7762719,-96.7968559
Detroit MI,26,2019-03-11,42.3315509,-83.0466403
Greenville,67,2019-03-11,34.851354,-82.3984882
Honolulu HI,100,2019-03-11,21.304547,-157.8556764
New York NY,4,2019-03-11,40.7127281,-74.0060152
Philadelphia PA,15,2019-03-11,39.9527237,-75.1635262
Birmingham AL,59,2019-03-18,33.570499,-86.765783
Chicago IL,9,2019-03-18,41.8755616,-87.6244212
Indianapolis IN,36,2019-03-18,39.7683331,-86.1583502
Los Angeles CA,5,2019-03-18,34.0536909,-118.2427666
Portland OR,30,2019-03-18,45.5202471,-122.6741949
Tulsa OK,100,2019-03-18,36.1556805,-95.9929113
Burlington VT,100,2019-03-25,44.4762975,-73.2135472
Chicago IL,7,2019-03-25,41.8755616,-87.6244212
Indianapolis IN,27,2019-03-25,39.7683331,-86.1583502
Kansas City MO,29,2019-03-25,39.100105,-94.5781416
New York NY,3,2019-03-25,40.7127281,-74.0060152
San Antonio TX,29,2019-03-25,29.4246002,-98.4951405
St. Louis MO,23,2019-03-25,38.6529545,-90.24111656024635
Greensboro,11,2019-04-01,36.0726355,-79.7919754
Louisville KY,11,2019-04-01,38.2542376,-85.759407
Quincy IL,100,2019-04-01,39.9368363,-120.9471764
Sacramento,4,2019-04-01,38.5815719,-121.4943996
San Diego CA,4,2019-04-01,32.7174209,-117.1627714
Boston MA,73,2019-04-08,42.3602534,-71.0582912
Charlotte NC,82,2019-04-08,35.2270869,-80.8431268
Hartford,100,2019-04-08,41.764582,-72.6908547
Salt Lake City UT,90,2019-04-08,40.7596198,-111.8867975
Dallas,8,2019-04-15,32.7762719,-96.7968559
Denver CO,17,2019-04-15,39.7348381,-104.9653271
Detroit MI,17,2019-04-15,42.3315509,-83.0466403
Houston TX,12,2019-04-15,29.7589382,-95.3676974
Raleigh,22,2019-04-15,35.7803977,-78.6390989
Seattle,14,2019-04-15,47.6038321,-122.3300624
Syracuse NY,100,2019-04-15,43.0481221,-76.1474244
Tampa,18,2019-04-15,27.9477595,-82.458444
Honolulu HI,100,2019-04-22,21.304547,-157.8556764
Nashville TN,40,2019-04-22,36.1622296,-86.7743531
New York NY,5,2019-04-22,40.7127281,-74.0060152
Hartford,12,2019-04-29,41.764582,-72.6908547
Los Angeles CA,2,2019-04-29,34.0536909,-118.2427666
Palm Springs CA,100,2019-04-29,33.8246269,-116.540303
Sacramento,9,2019-04-29,38.5815719,-121.4943996
Salt Lake City UT,11,2019-04-29,40.7596198,-111.8867975
San Diego CA,9,2019-04-29,32.7174209,-117.1627714
San Francisco,3,2019-04-29,37.7790262,-122.4199061
Waco,35,2019-04-29,31.549333,-97.1466695
Washington DC,4,2019-04-29,38.8948932,-77.0365529
Boston MA,10,2019-05-06,42.3602534,-71.0582912
Buffalo NY,50,2019-05-06,42.8867166,-78.8783922
Cedar Rapids,100,2019-05-06,41.9758872,-91.6704053
Dallas,8,2019-05-06,32.7762719,-96.7968559
Fresno,100,2019-05-13,36.7295295,-119.70886126075588
Houston TX,19,2019-05-13,29.7589382,-95.3676974
Kansas City MO,59,2019-05-13,39.100105,-94.5781416
New York NY,11,2019-05-13,40.7127281,-74.0060152
Grand Rapids,100,2019-05-20,42.9632405,-85.6678639
Philadelphia PA,20,2019-05-20,39.9527237,-75.1635262
St. Louis MO,59,2019-05-20,38.6529545,-90.24111656024635
Nashville TN,31,2019-05-27,36.1622296,-86.7743531
Raleigh,23,2019-05-27,35.7803977,-78.6390989
Spokane WA,100,2019-05-27,47.6579425,-117.4212265
Omaha NE,100,2019-06-03,41.2587459,-95.9383758
Orlando,26,2019-06-03,28.5421109,-81.3790304
Washington DC,13,2019-06-03,38.8948932,-77.0365529
Atlanta GA,11,2019-06-10,33.7490987,-84.3901849
Boston MA,11,2019-06-10,42.3602534,-71.0582912
Detroit MI,16,2019-06-10,42.3315509,-83.0466403
Las Vegas NV,37,2019-06-10,36.1672559,-115.1485163
Los Angeles CA,4,2019-06-10,34.0536909,-118.2427666
Mobile AL,67,2019-06-10,39.092585,-84.853229
Waco,100,2019-06-10,31.549333,-97.1466695
Albany,8,2019-06-17,42.6511674,-73.754968
Eureka CA,100,2019-06-17,45.4985271,-62.6816736
Los Angeles CA,1,2019-06-17,34.0536909,-118.2427666
Madison WI,13,2019-06-17,43.074761,-89.3837613
Nashville TN,4,2019-06-17,36.1622296,-86.7743531
Fresno,92,2019-06-24,36.7295295,-119.70886126075588
Los Angeles CA,7,2019-06-24,34.0536909,-118.2427666
Mobile AL,100,2019-06-24,39.092585,-84.853229
New York NY,10,2019-06-24,40.7127281,-74.0060152
San Francisco,14,2019-06-24,37.7790262,-122.4199061
Seattle,21,2019-06-24,47.6038321,-122.3300624
New York NY,34,2019-07-01,40.7127281,-74.0060152
Washington DC,100,2019-07-01,38.8948932,-77.0365529
Baltimore MD,28,2019-07-08,39.2908816,-76.610759
Springfield MO,100,2019-07-08,37.2166779,-93.2920373
Dallas,9,2019-07-15,32.7762719,-96.7968559
El Paso TX,100,2019-07-15,31.7754152,-106.4646348
Fresno,60,2019-07-15,36.7295295,-119.70886126075588
Greenville,45,2019-07-15,34.851354,-82.3984882
Indianapolis IN,31,2019-07-15,39.7683331,-86.1583502
Toledo OH,97,2019-07-15,41.6786754,-83.5127283
Greensboro,100,2019-07-22,36.0726355,-79.7919754
Minneapolis,29,2019-07-22,44.9772995,-93.2654692
Raleigh,37,2019-07-22,35.7803977,-78.6390989
Boise ID,77,2019-07-29,43.6166163,-116.200886
Chicago IL,5,2019-07-29,41.8755616,-87.6244212
Philadelphia PA,7,2019-07-29,39.9527237,-75.1635262
Tallahassee FL,100,2019-07-29,30.4380832,-84.2809332
Baltimore MD,58,2019-08-05,39.2908816,-76.610759
Harrisburg,100,2019-08-05,40.2663107,-76.8861122
New York NY,12,2019-08-05,40.7127281,-74.0060152
San Francisco,16,2019-08-05,37.7790262,-122.4199061
Dallas,8,2019-08-12,32.7762719,-96.7968559
Nashville TN,24,2019-08-12,36.1622296,-86.7743531
Omaha NE,66,2019-08-12,41.2587459,-95.9383758
Rochester NY,89,2019-08-12,43.157285,-77.615214
Waco,100,2019-08-12,31.549333,-97.1466695
Chicago IL,3,2019-08-19,41.8755616,-87.6244212
Dallas,4,2019-08-19,32.7762719,-96.7968559
Denver CO,7,2019-08-19,39.7348381,-104.9653271
Los Angeles CA,2,2019-08-19,34.0536909,-118.2427666
Madison WI,40,2019-08-19,43.074761,-89.3837613
New York NY,1,2019-08-19,40.7127281,-74.0060152
Phoenix AZ,7,2019-08-19,33.4484367,-112.0741417
Rockford IL,100,2019-08-19,42.2713945,-89.093966
San Francisco,4,2019-08-19,37.7790262,-122.4199061
Albuquerque,42,2019-08-26,35.0841034,-106.6509851
Charleston SC,78,2019-08-26,32.7876012,-79.9402728
Chicago IL,6,2019-08-26,41.8755616,-87.6244212
Cincinnati OH,28,2019-08-26,39.1014537,-84.5124602
Colorado Springs,77,2019-08-26,38.8339578,-104.8253485
Dayton OH,73,2019-08-26,39.7589478,-84.1916069
Ft. Smith,96,2019-08-26,35.3872218,-94.4248983
Grand Rapids,38,2019-08-26,42.9632405,-85.6678639
Greenville,100,2019-08-26,34.851354,-82.3984882
Greenville,35,2019-08-26,34.851354,-82.3984882
Indianapolis IN,24,2019-08-26,39.7683331,-86.1583502
New York NY,3,2019-08-26,40.7127281,-74.0060152
Pittsburgh PA,26,2019-08-26,40.4416941,-79.9900861
Seattle,12,2019-08-26,47.6038321,-122.3300624
Chicago IL,12,2019-09-02,41.8755616,-87.6244212
Dallas,13,2019-09-02,32.7762719,-96.7968559
New York NY,5,2019-09-02,40.7127281,-74.0060152
Richmond,100,2019-09-02,37.5385087,-77.43428
Seattle,23,2019-09-02,47.6038321,-122.3300624
Tampa,28,2019-09-02,27.9477595,-82.458444
Boston MA,1,2019-09-09,42.3602534,-71.0582912
Houston TX,1,2019-09-09,29.7589382,-95.3676974
Lexington KY,8,2019-09-09,38.0464066,-84.4970393
Milwaukee WI,3,2019-09-09,43.0349931,-87.922497
New Orleans LA,5,2019-09-09,29.9499323,-90.0701156
New York NY,1,2019-09-09,40.7127281,-74.0060152
Orlando,2,2019-09-09,28.5421109,-81.3790304
Philadelphia PA,1,2019-09-09,39.9527237,-75.1635262
Rochester NY,8,2019-09-09,43.157285,-77.615214
St. Joseph MO,100,2019-09-09,39.7686055,-94.8466322
Charleston,100,2019-09-16,32.7876012,-79.9402728
Hartford,25,2019-09-16,41.764582,-72.6908547
Lexington KY,69,2019-09-16,38.0464066,-84.4970393
New York NY,4,2019-09-16,40.7127281,-74.0060152
San Antonio TX,26,2019-09-16,29.4246002,-98.4951405
San Francisco,7,2019-09-16,37.7790262,-122.4199061
Chicago IL,6,2019-09-23,41.8755616,-87.6244212
Dallas,7,2019-09-23,32.7762719,-96.7968559
Johnstown,100,2019-09-23,40.3267407,-78.9219698
Los Angeles CA,3,2019-09-23,34.0536909,-118.2427666
Phoenix AZ,12,2019-09-23,33.4484367,-112.0741417
Pittsburgh PA,25,2019-09-23,40.4416941,-79.9900861
San Diego CA,18,2019-09-23,32.7174209,-117.1627714
Seattle,11,2019-09-23,47.6038321,-122.3300624
Charlotte NC,14,2019-09-30,35.2270869,-80.8431268
Cleveland,12,2019-09-30,41.5051613,-81.6934446
Dallas,5,2019-09-30,32.7762719,-96.7968559
Denver CO,9,2019-09-30,39.7348381,-104.9653271
Florence,71,2019-09-30,43.7698712,11.2555757
Los Angeles CA,3,2019-09-30,34.0536909,-118.2427666
Louisville KY,29,2019-09-30,38.2542376,-85.759407
Memphis TN,34,2019-09-30,35.1490215,-90.0516285
New York NY,2,2019-09-30,40.7127281,-74.0060152
Orlando,9,2019-09-30,28.5421109,-81.3790304
Philadelphia PA,5,2019-09-30,39.9527237,-75.1635262
San Francisco,5,2019-09-30,37.7790262,-122.4199061
Spokane WA,51,2019-09-30,47.6579425,-117.4212265
Youngstown OH,100,2019-09-30,41.1035786,-80.6520161
Atlanta GA,7,2019-10-07,33.7490987,-84.3901849
Charlotte NC,17,2019-10-07,35.2270869,-80.8431268
Chicago IL,5,2019-10-07,41.8755616,-87.6244212
Cleveland,15,2019-10-07,41.5051613,-81.6934446
Detroit MI,12,2019-10-07,42.3315509,-83.0466403
Los Angeles CA,6,2019-10-07,34.0536909,-118.2427666
Nashville TN,19,2019-10-07,36.1622296,-86.7743531
Paducah KY,100,2019-10-07,37.0833893,-88.6000478
Peoria,100,2019-10-07,40.6938609,-89.5891008
Pittsburgh PA,22,2019-10-07,40.4416941,-79.9900861
Portland OR,17,2019-10-07,45.5202471,-122.6741949
San Antonio TX,23,2019-10-07,29.4246002,-98.4951405
Seattle,10,2019-10-07,47.6038321,-122.3300624
Baltimore MD,9,2019-10-14,39.2908816,-76.610759
Chicago IL,4,2019-10-14,41.8755616,-87.6244212
Dallas,3,2019-10-14,32.7762719,-96.7968559
Denver CO,5,2019-10-14,39.7348381,-104.9653271
Houston TX,3,2019-10-14,29.7589382,-95.3676974
Indianapolis IN,9,2019-10-14,39.7683331,-86.1583502
Joplin MO,100,2019-10-14,37.08418,-94.51323
Los Angeles CA,1,2019-10-14,34.0536909,-118.2427666
Nashville TN,8,2019-10-14,36.1622296,-86.7743531
Orlando,5,2019-10-14,28.5421109,-81.3790304
Pittsburgh PA,9,2019-10-14,40.4416941,-79.9900861
San Francisco,2,2019-10-14,37.7790262,-122.4199061
Savannah GA,30,2019-10-14,43.4129206,-79.7028276
Burlington VT,46,2019-10-21,44.4762975,-73.2135472
Chicago IL,3,2019-10-21,41.8755616,-87.6244212
Cincinnati OH,14,2019-10-21,39.1014537,-84.5124602
Cleveland,8,2019-10-21,41.5051613,-81.6934446
Dallas,4,2019-10-21,32.7762719,-96.7968559
Dayton OH,35,2019-10-21,39.7589478,-84.1916069
Little Rock,30,2019-10-21,34.7464809,-92.2895948
Los Angeles CA,3,2019-10-21,34.0536909,-118.2427666
New York NY,1,2019-10-21,40.7127281,-74.0060152
Odessa,87,2019-10-21,46.4873195,30.7392776
Orlando,6,2019-10-21,28.5421109,-81.3790304
Palm Springs CA,100,2019-10-21,33.8246269,-116.540303
Syracuse NY,37,2019-10-21,43.0481221,-76.1474244
Cincinnati OH,10,2019-10-28,39.1014537,-84.5124602
Detroit MI,5,2019-10-28,42.3315509,-83.0466403
Ft. Smith,35,2019-10-28,35.3872218,-94.4248983
Greensboro,16,2019-10-28,36.0726355,-79.7919754
Houston TX,3,2019-10-28,29.7589382,-95.3676974
Los Angeles CA,1,2019-10-28,34.0536909,-118.2427666
Milwaukee WI,10,2019-10-28,43.0349931,-87.922497
Oklahoma City OK,16,2019-10-28,35.4729886,-97.5170536
Orlando,5,2019-10-28,28.5421109,-81.3790304
Pittsburgh PA,9,2019-10-28,40.4416941,-79.9900861
Portland OR,7,2019-10-28,45.5202471,-122.6741949
Seattle,5,2019-10-28,47.6038321,-122.3300624
Waco,26,2019-10-28,31.549333,-97.1466695
Yuma AZ,100,2019-10-28,32.6926588,-114.6276157
Atlanta GA,4,2019-11-04,33.7490987,-84.3901849
Dallas,4,2019-11-04,32.7762719,-96.7968559
Gainesville FL,100,2019-11-04,29.67357765,-82.32337460192167
Las Vegas NV,16,2019-11-04,36.1672559,-115.1485163
New York NY,1,2019-11-04,40.7127281,-74.0060152
Roanoke,36,2019-11-04,37.270973,-79.9414313
San Francisco,4,2019-11-04,37.7790262,-122.4199061
Abilene,14,2019-11-11,32.44645,-99.7475905
Albany GA,17,2019-11-11,51.7468576,-0.3383107
Albany,12,2019-11-11,42.6511674,-73.754968
Albuquerque,26,2019-11-11,35.0841034,-106.6509851
Alexandria LA,44,2019-11-11,31.199004,29.894378
Amarillo TX,39,2019-11-11,35.2072185,-101.8338246
Anchorage AK,24,2019-11-11,61.2163129,-149.8948523
Atlanta GA,12,2019-11-11,33.7490987,-84.3901849
Augusta GA,11,2019-11-11,33.4709714,-81.9748429
Austin TX,23,2019-11-11,30.2711286,-97.7436995
Bakersfield CA,13,2019-11-11,35.3738712,-119.0194639
Baltimore MD,16,2019-11-11,39.2908816,-76.610759
Bangor ME,11,2019-11-11,29.0659229,-110.97133
Baton Rouge LA,12,2019-11-11,30.4459596,-91.18738
Beaumont,14,2019-11-11,30.0860459,-94.1018461
Bend OR,33,2019-11-11,44.0581728,-121.3153096
"Billings, MT",29,2019-11-11,45.7874957,-108.49607
Biloxi,20,2019-11-11,30.374673,-88.84594333482862
Binghamton NY,18,2019-11-11,42.096968,-75.914341
Birmingham AL,11,2019-11-11,33.570499,-86.765783
Bluefield,15,2019-11-11,37.2698395,-81.2223195
Boise ID,27,2019-11-11,43.6166163,-116.200886
Boston MA,15,2019-11-11,42.3602534,-71.0582912
Bowling Green KY,27,2019-11-11,36.9903199,-86.4436018
Buffalo NY,16,2019-11-11,42.8867166,-78.8783922
Burlington VT,11,2019-11-11,44.4762975,-73.2135472
Butte,17,2019-11-11,39.6519275,-121.5858444
Casper,29,2019-11-11,42.866632,-106.313081
Cedar Rapids,11,2019-11-11,41.9758872,-91.6704053
Champaign,16,2019-11-11,40.1164205,-88.2433829
Charleston SC,10,2019-11-11,32.7876012,-79.9402728
Charleston,26,2019-11-11,32.7876012,-79.9402728
Charlotte NC,13,2019-11-11,35.2270869,-80.8431268
Charlottesville VA,17,2019-11-11,38.029306,-78.4766781
Chattanooga TN,10,2019-11-11,35.0457219,-85.3094883
Cheyenne WY,26,2019-11-11,45.2519491,-75.7306849
Chicago IL,15,2019-11-11,41.8755616,-87.6244212
Chico,26,2019-11-11,39.7284945,-121.8374777
Cincinnati OH,13,2019-11-11,39.1014537,-84.5124602
Clarksburg,24,2019-11-11,39.2806451,-80.3445341
Cleveland,18,2019-11-11,41.5051613,-81.6934446
Colorado Springs,27,2019-11-11,38.8339578,-104.8253485
Columbia SC,22,2019-11-11,34.0007493,-81.0343313
Columbia,16,2019-11-11,2.8894434,-73.783892
Columbus GA,10,2019-11-11,43.1830762,-79.8147518
Columbus OH,20,2019-11-11,39.9622601,-83.0007065
Columbus,18,2019-11-11,39.9622601,-83.0007065
Corpus Christi TX,18,2019-11-11,27.7477253,-97.4014129
Dallas,14,2019-11-11,32.7762719,-96.7968559
Davenport IA,12,2019-11-11,41.5236436,-90.5776368
Dayton OH,26,2019-11-11,39.7589478,-84.1916069
Denver CO,18,2019-11-11,39.7348381,-104.9653271
Des Moines,15,2019-11-11,41.5910641,-93.6037149
Detroit MI,16,2019-11-11,42.3315509,-83.0466403
Dothan AL,27,2019-11-11,31.2237434,-85.3933906
Duluth MN,19,2019-11-11,46.7729322,-92.1251218
El Paso TX,15,2019-11-11,31.7754152,-106.4646348
Elmira NY,17,2019-11-11,42.0897965,-76.8077338
Erie PA,19,2019-11-11,42.1294712,-80.0852695
Eugene OR,26,2019-11-11,44.0505054,-123.0950506
Eureka CA,34,2019-11-11,45.4985271,-62.6816736
Evansville IN,15,2019-11-11,4.5777639,-7.6472486
Fairbanks AK,33,2019-11-11,64.837845,-147.716675
Fargo,9,2019-11-11,46.877229,-96.789821
Flint,20,2019-11-11,43.0161693,-83.6900211
Florence,13,2019-11-11,43.7698712,11.2555757
Fresno,21,2019-11-11,36.7295295,-119.70886126075588
Ft. Myers,9,2019-11-11,26.640628,-81.8723084
Ft. Smith,16,2019-11-11,35.3872218,-94.4248983
Ft. Wayne IN,27,2019-11-11,41.0799898,-85.1386015
Gainesville FL,8,2019-11-11,29.67357765,-82.32337460192167
Grand Junction,37,2019-11-11,39.063956,-108.5507317
Grand Rapids,18,2019-11-11,42.9632405,-85.6678639
Great Falls MT,42,2019-11-11,47.5048851,-111.2918908
Green Bay,5,2019-11-11,44.5126379,-88.0125794
Greensboro,12,2019-11-11,36.0726355,-79.7919754
Greenville,20,2019-11-11,34.851354,-82.3984882
Greenville,16,2019-11-11,34.851354,-82.3984882
Harlingen,14,2019-11-11,26.1908241,-97.6959794
Harrisburg,18,2019-11-11,40.2663107,-76.8861122
Harrisonburg VA,18,2019-11-11,38.4493315,-78.8688833
Hartford,15,2019-11-11,41.764582,-72.6908547
Honolulu HI,21,2019-11-11,21.304547,-157.8556764
Houston TX,12,2019-11-11,29.7589382,-95.3676974
Huntsville,12,2019-11-11,34.729847,-86.5859011
Idaho Falls,32,2019-11-11,43.4935245,-112.0400919
Indianapolis IN,18,2019-11-11,39.7683331,-86.1583502
Jackson MS,5,2019-11-11,28.530801699999998,-81.30324431076107
Jackson TN,27,2019-11-11,35.6144446,-88.8177418
Jacksonville FL,21,2019-11-11,30.3321838,-81.655651
Johnstown,22,2019-11-11,40.3267407,-78.9219698
Jonesboro AR,37,2019-11-11,35.8428646,-90.7034522
Joplin MO,28,2019-11-11,37.08418,-94.51323
Juneau AK,58,2019-11-11,58.3019496,-134.419734
Kansas City MO,23,2019-11-11,39.100105,-94.5781416
Knoxville TN,18,2019-11-11,35.9603948,-83.9210261
La Crosse,15,2019-11-11,43.8014053,-91.2395429
Lafayette IN,19,2019-11-11,40.4167022,-86.8752869
Lafayette LA,12,2019-11-11,30.2240897,-92.0198427
Lake Charles LA,23,2019-11-11,30.2265949,-93.2173759
Lansing MI,19,2019-11-11,42.7338147,-84.5207088
Laredo TX,42,2019-11-11,27.5199841,-99.4953764
Las Vegas NV,17,2019-11-11,36.1672559,-115.1485163
Lexington KY,19,2019-11-11,38.0464066,-84.4970393
Lincoln,16,2019-11-11,47.8299069,-118.414727
Little Rock,11,2019-11-11,34.7464809,-92.2895948
Los Angeles CA,21,2019-11-11,34.0536909,-118.2427666
Louisville KY,21,2019-11-11,38.2542376,-85.759407
Lubbock TX,25,2019-11-11,33.5635206,-101.879336
Macon GA,12,2019-11-11,32.8406946,-83.6324022
Madison WI,7,2019-11-11,43.074761,-89.3837613
Marquette MI,27,2019-11-11,46.4481521,-87.6305899
Medford,20,2019-11-11,42.4184296,-71.1061639
Memphis TN,9,2019-11-11,35.1490215,-90.0516285
Miami,12,2019-11-11,25.7742658,-80.1936589
Milwaukee WI,19,2019-11-11,43.0349931,-87.922497
Minneapolis,16,2019-11-11,44.9772995,-93.2654692
Minot,22,2019-11-11,47.6698594,4.8786165
Missoula MT,19,2019-11-11,46.8701049,-113.9952672
Mobile AL,12,2019-11-11,39.092585,-84.853229
Monroe LA,17,2019-11-11,38.2722313,-90.1792484
Monterey,14,2019-11-11,36.2231079,-121.3877428
Montgomery,7,2019-11-11,32.3669656,-86.3006485
Nashville TN,21,2019-11-11,36.1622296,-86.7743531
New Orleans LA,11,2019-11-11,29.9499323,-90.0701156
New York NY,11,2019-11-11,40.7127281,-74.0060152
Norfolk,19,2019-11-11,52.666667,1.0
North Platte NE,100,2019-11-11,41.1238873,-100.7654232
Odessa,25,2019-11-11,46.4873195,30.7392776
Oklahoma City OK,22,2019-11-11,35.4729886,-97.5170536
Omaha NE,21,2019-11-11,41.2587459,-95.9383758
Orlando,15,2019-11-11,28.5421109,-81.3790304
Paducah KY,24,2019-11-11,37.0833893,-88.6000478
Palm Springs CA,12,2019-11-11,33.8246269,-116.540303
Panama City FL,11,2019-11-11,30.1600827,-85.6545729
Parkersburg WV,30,2019-11-11,39.2699565,-81.5506916
Peoria,12,2019-11-11,40.6938609,-89.5891008
Philadelphia PA,15,2019-11-11,39.9527237,-75.1635262
Phoenix AZ,19,2019-11-11,33.4484367,-112.0741417
Pittsburgh PA,21,2019-11-11,40.4416941,-79.9900861
Portland OR,22,2019-11-11,45.5202471,-122.6741949
Portland,15,2019-11-11,45.5202471,-122.6741949
Providence RI,16,2019-11-11,51.4325409,-2.6642358
Raleigh,13,2019-11-11,35.7803977,-78.6390989
Rapid City SD,21,2019-11-11,44.081176,-103.228006
Reno NV,13,2019-11-11,39.5261206,-119.8126581
Richmond,19,2019-11-11,37.5385087,-77.43428
Roanoke,20,2019-11-11,37.270973,-79.9414313
Rochester MN,18,2019-11-11,44.0234387,-92.4630182
Rochester NY,15,2019-11-11,43.157285,-77.615214
Rockford IL,23,2019-11-11,42.2713945,-89.093966
Sacramento,19,2019-11-11,38.5815719,-121.4943996
Salisbury MD,13,2019-11-11,38.3662114,-75.6008881
Salt Lake City UT,25,2019-11-11,40.7596198,-111.8867975
San Antonio TX,26,2019-11-11,29.4246002,-98.4951405
San Diego CA,21,2019-11-11,32.7174209,-117.1627714
San Francisco,12,2019-11-11,37.7790262,-122.4199061
Santa Barbara,19,2019-11-11,34.4221319,-119.7026673
Savannah GA,17,2019-11-11,43.4129206,-79.7028276
Seattle,21,2019-11-11,47.6038321,-122.3300624
Sherman TX,26,2019-11-11,36.2452294,-101.8858689
Shreveport LA,8,2019-11-11,32.5221828,-93.7651944
Sioux City IA,25,2019-11-11,42.4966815,-96.4058782
Sioux Fall,18,2019-11-11,46.737158,-90.8801835
South Bend,12,2019-11-11,41.6833813,-86.2500066
Spokane WA,21,2019-11-11,47.6579425,-117.4212265
Springfield MO,16,2019-11-11,37.2166779,-93.2920373
Springfield,23,2019-11-11,39.7990175,-89.6439575
St. Joseph MO,35,2019-11-11,39.7686055,-94.8466322
St. Louis MO,17,2019-11-11,38.6529545,-90.24111656024635
Syracuse NY,14,2019-11-11,43.0481221,-76.1474244
Tallahassee FL,6,2019-11-11,30.4380832,-84.2809332
Tampa,16,2019-11-11,27.9477595,-82.458444
Terre Haute IN,29,2019-11-11,39.4667025,-87.4139119
Toledo OH,12,2019-11-11,41.6786754,-83.5127283
Topeka KS,41,2019-11-11,39.049011,-95.677556
Traverse City,19,2019-11-11,44.7606441,-85.6165301
Tri,22,2019-11-11,35.875259,-78.7751271
Tucson,15,2019-11-11,32.2228765,-110.9748477
Tulsa OK,13,2019-11-11,36.1556805,-95.9929113
Twin Falls ID,22,2019-11-11,42.5704219,-114.4603171
Tyler,6,2019-11-11,32.3512601,-95.3010624
Utica NY,14,2019-11-11,43.1009031,-75.2326641
Victoria TX,47,2019-11-11,28.8026443,-96.9766308
Waco,13,2019-11-11,31.549333,-97.1466695
Washington DC,14,2019-11-11,38.8948932,-77.0365529
Watertown NY,32,2019-11-11,43.9747838,-75.9107565
Wausau,11,2019-11-11,44.9596017,-89.6298239
West Palm Beach,13,2019-11-11,26.7153425,-80.0533746
Wheeling WV,23,2019-11-11,40.0639616,-80.7209149
Wichita Falls TX,23,2019-11-11,33.9137085,-98.4933873
Wichita,12,2019-11-11,37.6922361,-97.3375448
Wilkes Barre,16,2019-11-11,41.2464824,-75.8817316
Wilmington NC,17,2019-11-11,34.2257282,-77.9447107
Yakima,11,2019-11-11,46.601557,-120.5108421
Youngstown OH,21,2019-11-11,41.1035786,-80.6520161
Yuma AZ,26,2019-11-11,32.6926588,-114.6276157
Zanesville OH,51,2019-11-11,39.9403453,-82.0131924
Abilene,19,2019-11-18,32.44645,-99.7475905
Albany GA,21,2019-11-18,51.7468576,-0.3383107
Albany,27,2019-11-18,42.6511674,-73.754968
Albuquerque,40,2019-11-18,35.0841034,-106.6509851
Alexandria LA,22,2019-11-18,31.199004,29.894378
Amarillo TX,31,2019-11-18,35.2072185,-101.8338246
Anchorage AK,31,2019-11-18,61.2163129,-149.8948523
Atlanta GA,22,2019-11-18,33.7490987,-84.3901849
Augusta GA,17,2019-11-18,33.4709714,-81.9748429
Austin TX,36,2019-11-18,30.2711286,-97.7436995
Bakersfield CA,34,2019-11-18,35.3738712,-119.0194639
Baltimore MD,29,2019-11-18,39.2908816,-76.610759
Bangor ME,35,2019-11-18,29.0659229,-110.97133
Baton Rouge LA,22,2019-11-18,30.4459596,-91.18738
Beaumont,11,2019-11-18,30.0860459,-94.1018461
Bend OR,57,2019-11-18,44.0581728,-121.3153096
"Billings, MT",44,2019-11-18,45.7874957,-108.49607
Biloxi,27,2019-11-18,30.374673,-88.84594333482862
Binghamton NY,34,2019-11-18,42.096968,-75.914341
Birmingham AL,23,2019-11-18,33.570499,-86.765783
Bluefield,21,2019-11-18,37.2698395,-81.2223195
Boise ID,24,2019-11-18,43.6166163,-116.200886
Boston MA,32,2019-11-18,42.3602534,-71.0582912
Bowling Green KY,33,2019-11-18,36.9903199,-86.4436018
Buffalo NY,37,2019-11-18,42.8867166,-78.8783922
Burlington VT,28,2019-11-18,44.4762975,-73.2135472
Butte,36,2019-11-18,39.6519275,-121.5858444
Casper,29,2019-11-18,42.866632,-106.313081
Cedar Rapids,35,2019-11-18,41.9758872,-91.6704053
Champaign,30,2019-11-18,40.1164205,-88.2433829
Charleston SC,34,2019-11-18,32.7876012,-79.9402728
Charleston,27,2019-11-18,32.7876012,-79.9402728
Charlotte NC,21,2019-11-18,35.2270869,-80.8431268
Charlottesville VA,36,2019-11-18,38.029306,-78.4766781
Chattanooga TN,39,2019-11-18,35.0457219,-85.3094883
Cheyenne WY,31,2019-11-18,45.2519491,-75.7306849
Chicago IL,35,2019-11-18,41.8755616,-87.6244212
Chico,35,2019-11-18,39.7284945,-121.8374777
Cincinnati OH,32,2019-11-18,39.1014537,-84.5124602
Clarksburg,21,2019-11-18,39.2806451,-80.3445341
Cleveland,35,2019-11-18,41.5051613,-81.6934446
Colorado Springs,39,2019-11-18,38.8339578,-104.8253485
Columbia SC,22,2019-11-18,34.0007493,-81.0343313
Columbia,29,2019-11-18,2.8894434,-73.783892
Columbus GA,22,2019-11-18,43.1830762,-79.8147518
Columbus OH,36,2019-11-18,39.9622601,-83.0007065
Columbus,19,2019-11-18,39.9622601,-83.0007065
Corpus Christi TX,24,2019-11-18,27.7477253,-97.4014129
Dallas,28,2019-11-18,32.7762719,-96.7968559
Davenport IA,44,2019-11-18,41.5236436,-90.5776368
Dayton OH,31,2019-11-18,39.7589478,-84.1916069
Denver CO,43,2019-11-18,39.7348381,-104.9653271
Des Moines,35,2019-11-18,41.5910641,-93.6037149
Detroit MI,32,2019-11-18,42.3315509,-83.0466403
Dothan AL,39,2019-11-18,31.2237434,-85.3933906
Duluth MN,44,2019-11-18,46.7729322,-92.1251218
El Paso TX,39,2019-11-18,31.7754152,-106.4646348
Elmira NY,30,2019-11-18,42.0897965,-76.8077338
Erie PA,32,2019-11-18,42.1294712,-80.0852695
Eugene OR,24,2019-11-18,44.0505054,-123.0950506
Eureka CA,50,2019-11-18,45.4985271,-62.6816736
Evansville IN,31,2019-11-18,4.5777639,-7.6472486
Fairbanks AK,59,2019-11-18,64.837845,-147.716675
Fargo,34,2019-11-18,46.877229,-96.789821
Flint,25,2019-11-18,43.0161693,-83.6900211
Florence,15,2019-11-18,43.7698712,11.2555757
Fresno,26,2019-11-18,36.7295295,-119.70886126075588
Ft. Myers,21,2019-11-18,26.640628,-81.8723084
Ft. Smith,42,2019-11-18,35.3872218,-94.4248983
Ft. Wayne IN,33,2019-11-18,41.0799898,-85.1386015
Gainesville FL,42,2019-11-18,29.67357765,-82.32337460192167
Grand Junction,37,2019-11-18,39.063956,-108.5507317
Grand Rapids,34,2019-11-18,42.9632405,-85.6678639
Great Falls MT,22,2019-11-18,47.5048851,-111.2918908
Green Bay,29,2019-11-18,44.5126379,-88.0125794
Greensboro,23,2019-11-18,36.0726355,-79.7919754
Greenville,22,2019-11-18,34.851354,-82.3984882
Greenville,30,2019-11-18,34.851354,-82.3984882
Greenwood,19,2019-11-18,37.8709542,-96.2471338
Harlingen,27,2019-11-18,26.1908241,-97.6959794
Harrisburg,28,2019-11-18,40.2663107,-76.8861122
Harrisonburg VA,50,2019-11-18,38.4493315,-78.8688833
Hartford,37,2019-11-18,41.764582,-72.6908547
Hattiesburg,33,2019-11-18,31.3271189,-89.2903392
Helena MT,44,2019-11-18,46.5927425,-112.0362771
Honolulu HI,27,2019-11-18,21.304547,-157.8556764
Houston TX,23,2019-11-18,29.7589382,-95.3676974
Huntsville,36,2019-11-18,34.729847,-86.5859011
Idaho Falls,38,2019-11-18,43.4935245,-112.0400919
Indianapolis IN,36,2019-11-18,39.7683331,-86.1583502
Jackson MS,16,2019-11-18,28.530801699999998,-81.30324431076107
Jackson TN,42,2019-11-18,35.6144446,-88.8177418
Jacksonville FL,26,2019-11-18,30.3321838,-81.655651
Johnstown,31,2019-11-18,40.3267407,-78.9219698
Jonesboro AR,35,2019-11-18,35.8428646,-90.7034522
Joplin MO,31,2019-11-18,37.08418,-94.51323
Juneau AK,34,2019-11-18,58.3019496,-134.419734
Kansas City MO,36,2019-11-18,39.100105,-94.5781416
Knoxville TN,29,2019-11-18,35.9603948,-83.9210261
La Crosse,39,2019-11-18,43.8014053,-91.2395429
Lafayette IN,65,2019-11-18,40.4167022,-86.8752869
Lafayette LA,21,2019-11-18,30.2240897,-92.0198427
Lake Charles LA,19,2019-11-18,30.2265949,-93.2173759
Lansing MI,40,2019-11-18,42.7338147,-84.5207088
Laredo TX,32,2019-11-18,27.5199841,-99.4953764
Las Vegas NV,33,2019-11-18,36.1672559,-115.1485163
Lexington KY,34,2019-11-18,38.0464066,-84.4970393
Lima OH,36,2019-11-18,40.7399785,-84.105006
Lincoln,34,2019-11-18,47.8299069,-118.414727
Little Rock,28,2019-11-18,34.7464809,-92.2895948
Los Angeles CA,37,2019-11-18,34.0536909,-118.2427666
Louisville KY,39,2019-11-18,38.2542376,-85.759407
Lubbock TX,29,2019-11-18,33.5635206,-101.879336
Macon GA,20,2019-11-18,32.8406946,-83.6324022
Madison WI,36,2019-11-18,43.074761,-89.3837613
Mankato MN,28,2019-11-18,44.1634663,-93.9993505
Marquette MI,15,2019-11-18,46.4481521,-87.6305899
Medford,25,2019-11-18,42.4184296,-71.1061639
Memphis TN,25,2019-11-18,35.1490215,-90.0516285
Meridian MS,19,2019-11-18,43.61732135,-116.40613112241579
Miami,24,2019-11-18,25.7742658,-80.1936589
Milwaukee WI,36,2019-11-18,43.0349931,-87.922497
Minneapolis,33,2019-11-18,44.9772995,-93.2654692
Minot,18,2019-11-18,47.6698594,4.8786165
Missoula MT,41,2019-11-18,46.8701049,-113.9952672
Mobile AL,26,2019-11-18,39.092585,-84.853229
Monroe LA,12,2019-11-18,38.2722313,-90.1792484
Monterey,24,2019-11-18,36.2231079,-121.3877428
Montgomery,17,2019-11-18,32.3669656,-86.3006485
Nashville TN,31,2019-11-18,36.1622296,-86.7743531
New Orleans LA,17,2019-11-18,29.9499323,-90.0701156
New York NY,26,2019-11-18,40.7127281,-74.0060152
Norfolk,27,2019-11-18,52.666667,1.0
North Platte NE,55,2019-11-18,41.1238873,-100.7654232
Odessa,28,2019-11-18,46.4873195,30.7392776
Oklahoma City OK,38,2019-11-18,35.4729886,-97.5170536
Omaha NE,38,2019-11-18,41.2587459,-95.9383758
Orlando,35,2019-11-18,28.5421109,-81.3790304
Ottumwa IA,32,2019-11-18,41.0200145,-92.4112963
Paducah KY,23,2019-11-18,37.0833893,-88.6000478
Palm Springs CA,24,2019-11-18,33.8246269,-116.540303
Panama City FL,30,2019-11-18,30.1600827,-85.6545729
Parkersburg WV,70,2019-11-18,39.2699565,-81.5506916
Peoria,34,2019-11-18,40.6938609,-89.5891008
Philadelphia PA,31,2019-11-18,39.9527237,-75.1635262
Phoenix AZ,36,2019-11-18,33.4484367,-112.0741417
Pittsburgh PA,39,2019-11-18,40.4416941,-79.9900861
Portland OR,42,2019-11-18,45.5202471,-122.6741949
Portland,25,2019-11-18,45.5202471,-122.6741949
Presque Isle ME,42,2019-11-18,46.681479,-68.016357
Providence RI,40,2019-11-18,51.4325409,-2.6642358
Quincy IL,31,2019-11-18,39.9368363,-120.9471764
Raleigh,27,2019-11-18,35.7803977,-78.6390989
Rapid City SD,32,2019-11-18,44.081176,-103.228006
Reno NV,38,2019-11-18,39.5261206,-119.8126581
Richmond,24,2019-11-18,37.5385087,-77.43428
Roanoke,27,2019-11-18,37.270973,-79.9414313
Rochester MN,25,2019-11-18,44.0234387,-92.4630182
Rochester NY,31,2019-11-18,43.157285,-77.615214
Rockford IL,26,2019-11-18,42.2713945,-89.093966
Sacramento,35,2019-11-18,38.5815719,-121.4943996
Salisbury MD,14,2019-11-18,38.3662114,-75.6008881
Salt Lake City UT,53,2019-11-18,40.7596198,-111.8867975
San Angelo TX,21,2019-11-18,31.4648357,-100.4398442
San Antonio TX,36,2019-11-18,29.4246002,-98.4951405
San Diego CA,37,2019-11-18,32.7174209,-117.1627714
San Francisco,28,2019-11-18,37.7790262,-122.4199061
Santa Barbara,36,2019-11-18,34.4221319,-119.7026673
Savannah GA,30,2019-11-18,43.4129206,-79.7028276
Seattle,40,2019-11-18,47.6038321,-122.3300624
Sherman TX,45,2019-11-18,36.2452294,-101.8858689
Shreveport LA,19,2019-11-18,32.5221828,-93.7651944
Sioux City IA,26,2019-11-18,42.4966815,-96.4058782
Sioux Fall,23,2019-11-18,46.737158,-90.8801835
South Bend,35,2019-11-18,41.6833813,-86.2500066
Spokane WA,31,2019-11-18,47.6579425,-117.4212265
Springfield MO,36,2019-11-18,37.2166779,-93.2920373
Springfield,34,2019-11-18,39.7990175,-89.6439575
St. Joseph MO,21,2019-11-18,39.7686055,-94.8466322
St. Louis MO,37,2019-11-18,38.6529545,-90.24111656024635
Syracuse NY,24,2019-11-18,43.0481221,-76.1474244
Tallahassee FL,29,2019-11-18,30.4380832,-84.2809332
Tampa,26,2019-11-18,27.9477595,-82.458444
Terre Haute IN,19,2019-11-18,39.4667025,-87.4139119
Toledo OH,28,2019-11-18,41.6786754,-83.5127283
Topeka KS,28,2019-11-18,39.049011,-95.677556
Traverse City,32,2019-11-18,44.7606441,-85.6165301
Tri,34,2019-11-18,35.875259,-78.7751271
Tucson,28,2019-11-18,32.2228765,-110.9748477
Tulsa OK,31,2019-11-18,36.1556805,-95.9929113
Twin Falls ID,35,2019-11-18,42.5704219,-114.4603171
Tyler,30,2019-11-18,32.3512601,-95.3010624
Utica NY,31,2019-11-18,43.1009031,-75.2326641
Victoria TX,57,2019-11-18,28.8026443,-96.9766308
Waco,33,2019-11-18,31.549333,-97.1466695
Washington DC,31,2019-11-18,38.8948932,-77.0365529
Watertown NY,29,2019-11-18,43.9747838,-75.9107565
Wausau,31,2019-11-18,44.9596017,-89.6298239
West Palm Beach,22,2019-11-18,26.7153425,-80.0533746
Wheeling WV,33,2019-11-18,40.0639616,-80.7209149
Wichita Falls TX,27,2019-11-18,33.9137085,-98.4933873
Wichita,34,2019-11-18,37.6922361,-97.3375448
Wilkes Barre,38,2019-11-18,41.2464824,-75.8817316
Wilmington NC,18,2019-11-18,34.2257282,-77.9447107
Yakima,22,2019-11-18,46.601557,-120.5108421
Youngstown OH,32,2019-11-18,41.1035786,-80.6520161
Yuma AZ,41,2019-11-18,32.6926588,-114.6276157
Zanesville OH,100,2019-11-18,39.9403453,-82.0131924
Abilene,40,2019-11-25,32.44645,-99.7475905
Albany GA,29,2019-11-25,51.7468576,-0.3383107
Albany,48,2019-11-25,42.6511674,-73.754968
Albuquerque,43,2019-11-25,35.0841034,-106.6509851
Alexandria LA,31,2019-11-25,31.199004,29.894378
Alpena MI,79,2019-11-25,45.0176181,-83.6670019
Amarillo TX,34,2019-11-25,35.2072185,-101.8338246
Anchorage AK,44,2019-11-25,61.2163129,-149.8948523
Atlanta GA,31,2019-11-25,33.7490987,-84.3901849
Augusta GA,43,2019-11-25,33.4709714,-81.9748429
Austin TX,46,2019-11-25,30.2711286,-97.7436995
Bakersfield CA,36,2019-11-25,35.3738712,-119.0194639
Baltimore MD,41,2019-11-25,39.2908816,-76.610759
Bangor ME,37,2019-11-25,29.0659229,-110.97133
Baton Rouge LA,36,2019-11-25,30.4459596,-91.18738
Beaumont,38,2019-11-25,30.0860459,-94.1018461
Bend OR,28,2019-11-25,44.0581728,-121.3153096
"Billings, MT",67,2019-11-25,45.7874957,-108.49607
Biloxi,29,2019-11-25,30.374673,-88.84594333482862
Binghamton NY,33,2019-11-25,42.096968,-75.914341
Birmingham AL,32,2019-11-25,33.570499,-86.765783
Bluefield,59,2019-11-25,37.2698395,-81.2223195
Boise ID,42,2019-11-25,43.6166163,-116.200886
Boston MA,45,2019-11-25,42.3602534,-71.0582912
Bowling Green KY,56,2019-11-25,36.9903199,-86.4436018
Buffalo NY,46,2019-11-25,42.8867166,-78.8783922
Burlington VT,45,2019-11-25,44.4762975,-73.2135472
Butte,49,2019-11-25,39.6519275,-121.5858444
Casper,33,2019-11-25,42.866632,-106.313081
Cedar Rapids,45,2019-11-25,41.9758872,-91.6704053
Champaign,42,2019-11-25,40.1164205,-88.2433829
Charleston SC,36,2019-11-25,32.7876012,-79.9402728
Charleston,43,2019-11-25,32.7876012,-79.9402728
Charlotte NC,33,2019-11-25,35.2270869,-80.8431268
Charlottesville VA,45,2019-11-25,38.029306,-78.4766781
Chattanooga TN,48,2019-11-25,35.0457219,-85.3094883
Cheyenne WY,51,2019-11-25,45.2519491,-75.7306849
Chicago IL,44,2019-11-25,41.8755616,-87.6244212
Chico,22,2019-11-25,39.7284945,-121.8374777
Cincinnati OH,51,2019-11-25,39.1014537,-84.5124602
Clarksburg,38,2019-11-25,39.2806451,-80.3445341
Cleveland,45,2019-11-25,41.5051613,-81.6934446
Colorado Springs,45,2019-11-25,38.8339578,-104.8253485
Columbia SC,26,2019-11-25,34.0007493,-81.0343313
Columbia,34,2019-11-25,2.8894434,-73.783892
Columbus GA,39,2019-11-25,43.1830762,-79.8147518
Columbus OH,48,2019-11-25,39.9622601,-83.0007065
Columbus,25,2019-11-25,39.9622601,-83.0007065
Corpus Christi TX,37,2019-11-25,27.7477253,-97.4014129
Dallas,39,2019-11-25,32.7762719,-96.7968559
Davenport IA,40,2019-11-25,41.5236436,-90.5776368
Dayton OH,55,2019-11-25,39.7589478,-84.1916069
Denver CO,50,2019-11-25,39.7348381,-104.9653271
Des Moines,42,2019-11-25,41.5910641,-93.6037149
Detroit MI,44,2019-11-25,42.3315509,-83.0466403
Dothan AL,34,2019-11-25,31.2237434,-85.3933906
Duluth MN,33,2019-11-25,46.7729322,-92.1251218
El Paso TX,45,2019-11-25,31.7754152,-106.4646348
Elmira NY,62,2019-11-25,42.0897965,-76.8077338
Erie PA,45,2019-11-25,42.1294712,-80.0852695
Eugene OR,50,2019-11-25,44.0505054,-123.0950506
Eureka CA,33,2019-11-25,45.4985271,-62.6816736
Evansville IN,41,2019-11-25,4.5777639,-7.6472486
Fairbanks AK,47,2019-11-25,64.837845,-147.716675
Fargo,40,2019-11-25,46.877229,-96.789821
Flint,53,2019-11-25,43.0161693,-83.6900211
Florence,22,2019-11-25,43.7698712,11.2555757
Fresno,38,2019-11-25,36.7295295,-119.70886126075588
Ft. Myers,34,2019-11-25,26.640628,-81.8723084
Ft. Smith,51,2019-11-25,35.3872218,-94.4248983
Ft. Wayne IN,62,2019-11-25,41.0799898,-85.1386015
Gainesville FL,40,2019-11-25,29.67357765,-82.32337460192167
Grand Junction,67,2019-11-25,39.063956,-108.5507317
Grand Rapids,45,2019-11-25,42.9632405,-85.6678639
Great Falls MT,20,2019-11-25,47.5048851,-111.2918908
Green Bay,46,2019-11-25,44.5126379,-88.0125794
Greensboro,46,2019-11-25,36.0726355,-79.7919754
Greenville,37,2019-11-25,34.851354,-82.3984882
Greenville,40,2019-11-25,34.851354,-82.3984882
Greenwood,74,2019-11-25,37.8709542,-96.2471338
Harlingen,31,2019-11-25,26.1908241,-97.6959794
Harrisburg,42,2019-11-25,40.2663107,-76.8861122
Harrisonburg VA,40,2019-11-25,38.4493315,-78.8688833
Hartford,42,2019-11-25,41.764582,-72.6908547
Hattiesburg,19,2019-11-25,31.3271189,-89.2903392
Helena MT,69,2019-11-25,46.5927425,-112.0362771
Honolulu HI,40,2019-11-25,21.304547,-157.8556764
Houston TX,32,2019-11-25,29.7589382,-95.3676974
Huntsville,47,2019-11-25,34.729847,-86.5859011
Idaho Falls,36,2019-11-25,43.4935245,-112.0400919
Indianapolis IN,47,2019-11-25,39.7683331,-86.1583502
Jackson MS,22,2019-11-25,28.530801699999998,-81.30324431076107
Jackson TN,37,2019-11-25,35.6144446,-88.8177418
Jacksonville FL,42,2019-11-25,30.3321838,-81.655651
Johnstown,47,2019-11-25,40.3267407,-78.9219698
Jonesboro AR,20,2019-11-25,35.8428646,-90.7034522
Joplin MO,35,2019-11-25,37.08418,-94.51323
Juneau AK,43,2019-11-25,58.3019496,-134.419734
Kansas City MO,51,2019-11-25,39.100105,-94.5781416
Knoxville TN,50,2019-11-25,35.9603948,-83.9210261
La Crosse,43,2019-11-25,43.8014053,-91.2395429
Lafayette IN,54,2019-11-25,40.4167022,-86.8752869
Lafayette LA,31,2019-11-25,30.2240897,-92.0198427
Lake Charles LA,29,2019-11-25,30.2265949,-93.2173759
Lansing MI,41,2019-11-25,42.7338147,-84.5207088
Laredo TX,34,2019-11-25,27.5199841,-99.4953764
Las Vegas NV,43,2019-11-25,36.1672559,-115.1485163
Lexington KY,52,2019-11-25,38.0464066,-84.4970393
Lima OH,27,2019-11-25,40.7399785,-84.105006
Lincoln,44,2019-11-25,47.8299069,-118.414727
Little Rock,26,2019-11-25,34.7464809,-92.2895948
Los Angeles CA,47,2019-11-25,34.0536909,-118.2427666
Louisville KY,44,2019-11-25,38.2542376,-85.759407
Lubbock TX,37,2019-11-25,33.5635206,-101.879336
Macon GA,23,2019-11-25,32.8406946,-83.6324022
Madison WI,39,2019-11-25,43.074761,-89.3837613
Mankato MN,40,2019-11-25,44.1634663,-93.9993505
Marquette MI,43,2019-11-25,46.4481521,-87.6305899
Medford,58,2019-11-25,42.4184296,-71.1061639
Memphis TN,25,2019-11-25,35.1490215,-90.0516285
Miami,27,2019-11-25,25.7742658,-80.1936589
Milwaukee WI,44,2019-11-25,43.0349931,-87.922497
Minneapolis,44,2019-11-25,44.9772995,-93.2654692
Minot,25,2019-11-25,47.6698594,4.8786165
Missoula MT,32,2019-11-25,46.8701049,-113.9952672
Mobile AL,37,2019-11-25,39.092585,-84.853229
Monroe LA,11,2019-11-25,38.2722313,-90.1792484
Monterey,37,2019-11-25,36.2231079,-121.3877428
Montgomery,19,2019-11-25,32.3669656,-86.3006485
Nashville TN,42,2019-11-25,36.1622296,-86.7743531
New Orleans LA,24,2019-11-25,29.9499323,-90.0701156
New York NY,35,2019-11-25,40.7127281,-74.0060152
Norfolk,37,2019-11-25,52.666667,1.0
North Platte NE,64,2019-11-25,41.1238873,-100.7654232
Odessa,31,2019-11-25,46.4873195,30.7392776
Oklahoma City OK,44,2019-11-25,35.4729886,-97.5170536
Omaha NE,48,2019-11-25,41.2587459,-95.9383758
Orlando,45,2019-11-25,28.5421109,-81.3790304
Ottumwa IA,27,2019-11-25,41.0200145,-92.4112963
Paducah KY,38,2019-11-25,37.0833893,-88.6000478
Palm Springs CA,30,2019-11-25,33.8246269,-116.540303
Panama City FL,28,2019-11-25,30.1600827,-85.6545729
Parkersburg WV,40,2019-11-25,39.2699565,-81.5506916
Peoria,40,2019-11-25,40.6938609,-89.5891008
Philadelphia PA,46,2019-11-25,39.9527237,-75.1635262
Phoenix AZ,49,2019-11-25,33.4484367,-112.0741417
Pittsburgh PA,45,2019-11-25,40.4416941,-79.9900861
Portland OR,51,2019-11-25,45.5202471,-122.6741949
Portland,38,2019-11-25,45.5202471,-122.6741949
Presque Isle ME,100,2019-11-25,46.681479,-68.016357
Providence RI,52,2019-11-25,51.4325409,-2.6642358
Quincy IL,18,2019-11-25,39.9368363,-120.9471764
Raleigh,38,2019-11-25,35.7803977,-78.6390989
Rapid City SD,43,2019-11-25,44.081176,-103.228006
Reno NV,40,2019-11-25,39.5261206,-119.8126581
Richmond,40,2019-11-25,37.5385087,-77.43428
Roanoke,32,2019-11-25,37.270973,-79.9414313
Rochester MN,26,2019-11-25,44.0234387,-92.4630182
Rochester NY,45,2019-11-25,43.157285,-77.615214
Rockford IL,36,2019-11-25,42.2713945,-89.093966
Sacramento,42,2019-11-25,38.5815719,-121.4943996
Salisbury MD,50,2019-11-25,38.3662114,-75.6008881
Salt Lake City UT,53,2019-11-25,40.7596198,-111.8867975
San Angelo TX,50,2019-11-25,31.4648357,-100.4398442
San Antonio TX,46,2019-11-25,29.4246002,-98.4951405
San Diego CA,48,2019-11-25,32.7174209,-117.1627714
San Francisco,39,2019-11-25,37.7790262,-122.4199061
Santa Barbara,47,2019-11-25,34.4221319,-119.7026673
Savannah GA,34,2019-11-25,43.4129206,-79.7028276
Seattle,48,2019-11-25,47.6038321,-122.3300624
Sherman TX,35,2019-11-25,36.2452294,-101.8858689
Shreveport LA,29,2019-11-25,32.5221828,-93.7651944
Sioux City IA,28,2019-11-25,42.4966815,-96.4058782
Sioux Fall,34,2019-11-25,46.737158,-90.8801835
South Bend,48,2019-11-25,41.6833813,-86.2500066
Spokane WA,49,2019-11-25,47.6579425,-117.4212265
Springfield MO,46,2019-11-25,37.2166779,-93.2920373
Springfield,37,2019-11-25,39.7990175,-89.6439575
St. Joseph MO,87,2019-11-25,39.7686055,-94.8466322
St. Louis MO,41,2019-11-25,38.6529545,-90.24111656024635
Syracuse NY,39,2019-11-25,43.0481221,-76.1474244
Tallahassee FL,26,2019-11-25,30.4380832,-84.2809332
Tampa,41,2019-11-25,27.9477595,-82.458444
Terre Haute IN,33,2019-11-25,39.4667025,-87.4139119
Toledo OH,41,2019-11-25,41.6786754,-83.5127283
Topeka KS,42,2019-11-25,39.049011,-95.677556
Traverse City,44,2019-11-25,44.7606441,-85.6165301
Tri,52,2019-11-25,35.875259,-78.7751271
Tucson,38,2019-11-25,32.2228765,-110.9748477
Tulsa OK,39,2019-11-25,36.1556805,-95.9929113
Twin Falls ID,34,2019-11-25,42.5704219,-114.4603171
Tyler,31,2019-11-25,32.3512601,-95.3010624
Utica NY,31,2019-11-25,43.1009031,-75.2326641
Victoria TX,49,2019-11-25,28.8026443,-96.9766308
Waco,49,2019-11-25,31.549333,-97.1466695
Washington DC,39,2019-11-25,38.8948932,-77.0365529
Watertown NY,23,2019-11-25,43.9747838,-75.9107565
Wausau,22,2019-11-25,44.9596017,-89.6298239
West Palm Beach,33,2019-11-25,26.7153425,-80.0533746
Wheeling WV,47,2019-11-25,40.0639616,-80.7209149
Wichita Falls TX,48,2019-11-25,33.9137085,-98.4933873
Wichita,46,2019-11-25,37.6922361,-97.3375448
Wilkes Barre,37,2019-11-25,41.2464824,-75.8817316
Wilmington NC,30,2019-11-25,34.2257282,-77.9447107
Yakima,38,2019-11-25,46.601557,-120.5108421
Youngstown OH,52,2019-11-25,41.1035786,-80.6520161
Yuma AZ,38,2019-11-25,32.6926588,-114.6276157
Zanesville OH,34,2019-11-25,39.9403453,-82.0131924
Abilene,29,2019-12-02,32.44645,-99.7475905
Albany GA,15,2019-12-02,51.7468576,-0.3383107
Albany,34,2019-12-02,42.6511674,-73.754968
Albuquerque,34,2019-12-02,35.0841034,-106.6509851
Alexandria LA,28,2019-12-02,31.199004,29.894378
Alpena MI,100,2019-12-02,45.0176181,-83.6670019
Amarillo TX,33,2019-12-02,35.2072185,-101.8338246
Anchorage AK,41,2019-12-02,61.2163129,-149.8948523
Atlanta GA,24,2019-12-02,33.7490987,-84.3901849
Augusta GA,22,2019-12-02,33.4709714,-81.9748429
Austin TX,36,2019-12-02,30.2711286,-97.7436995
Bakersfield CA,35,2019-12-02,35.3738712,-119.0194639
Baltimore MD,29,2019-12-02,39.2908816,-76.610759
Bangor ME,32,2019-12-02,29.0659229,-110.97133
Baton Rouge LA,19,2019-12-02,30.4459596,-91.18738
Beaumont,27,2019-12-02,30.0860459,-94.1018461
Bend OR,28,2019-12-02,44.0581728,-121.3153096
"Billings, MT",54,2019-12-02,45.7874957,-108.49607
Biloxi,24,2019-12-02,30.374673,-88.84594333482862
Binghamton NY,22,2019-12-02,42.096968,-75.914341
Birmingham AL,26,2019-12-02,33.570499,-86.765783
Bluefield,27,2019-12-02,37.2698395,-81.2223195
Boise ID,31,2019-12-02,43.6166163,-116.200886
Boston MA,33,2019-12-02,42.3602534,-71.0582912
Bowling Green KY,28,2019-12-02,36.9903199,-86.4436018
Buffalo NY,38,2019-12-02,42.8867166,-78.8783922
Burlington VT,32,2019-12-02,44.4762975,-73.2135472
Butte,19,2019-12-02,39.6519275,-121.5858444
Casper,16,2019-12-02,42.866632,-106.313081
Cedar Rapids,28,2019-12-02,41.9758872,-91.6704053
Champaign,30,2019-12-02,40.1164205,-88.2433829
Charleston SC,22,2019-12-02,32.7876012,-79.9402728
Charleston,28,2019-12-02,32.7876012,-79.9402728
Charlotte NC,27,2019-12-02,35.2270869,-80.8431268
Charlottesville VA,36,2019-12-02,38.029306,-78.4766781
Chattanooga TN,28,2019-12-02,35.0457219,-85.3094883
Cheyenne WY,52,2019-12-02,45.2519491,-75.7306849
Chicago IL,35,2019-12-02,41.8755616,-87.6244212
Chico,37,2019-12-02,39.7284945,-121.8374777
Cincinnati OH,35,2019-12-02,39.1014537,-84.5124602
Clarksburg,22,2019-12-02,39.2806451,-80.3445341
Cleveland,36,2019-12-02,41.5051613,-81.6934446
Colorado Springs,37,2019-12-02,38.8339578,-104.8253485
Columbia SC,26,2019-12-02,34.0007493,-81.0343313
Columbia,28,2019-12-02,2.8894434,-73.783892
Columbus GA,22,2019-12-02,43.1830762,-79.8147518
Columbus OH,34,2019-12-02,39.9622601,-83.0007065
Columbus,13,2019-12-02,39.9622601,-83.0007065
Corpus Christi TX,23,2019-12-02,27.7477253,-97.4014129
Dallas,29,2019-12-02,32.7762719,-96.7968559
Davenport IA,33,2019-12-02,41.5236436,-90.5776368
Dayton OH,29,2019-12-02,39.7589478,-84.1916069
Denver CO,39,2019-12-02,39.7348381,-104.9653271
Des Moines,33,2019-12-02,41.5910641,-93.6037149
Detroit MI,34,2019-12-02,42.3315509,-83.0466403
Dothan AL,30,2019-12-02,31.2237434,-85.3933906
Duluth MN,29,2019-12-02,46.7729322,-92.1251218
El Paso TX,34,2019-12-02,31.7754152,-106.4646348
Elmira NY,33,2019-12-02,42.0897965,-76.8077338
Erie PA,33,2019-12-02,42.1294712,-80.0852695
Eugene OR,42,2019-12-02,44.0505054,-123.0950506
Eureka CA,27,2019-12-02,45.4985271,-62.6816736
Evansville IN,29,2019-12-02,4.5777639,-7.6472486
Fairbanks AK,38,2019-12-02,64.837845,-147.716675
Fargo,24,2019-12-02,46.877229,-96.789821
Flint,26,2019-12-02,43.0161693,-83.6900211
Florence,24,2019-12-02,43.7698712,11.2555757
Fresno,31,2019-12-02,36.7295295,-119.70886126075588
Ft. Myers,24,2019-12-02,26.640628,-81.8723084
Ft. Smith,32,2019-12-02,35.3872218,-94.4248983
Ft. Wayne IN,31,2019-12-02,41.0799898,-85.1386015
Gainesville FL,25,2019-12-02,29.67357765,-82.32337460192167
Grand Junction,36,2019-12-02,39.063956,-108.5507317
Grand Rapids,35,2019-12-02,42.9632405,-85.6678639
Great Falls MT,27,2019-12-02,47.5048851,-111.2918908
Green Bay,30,2019-12-02,44.5126379,-88.0125794
Greensboro,26,2019-12-02,36.0726355,-79.7919754
Greenville,31,2019-12-02,34.851354,-82.3984882
Greenville,29,2019-12-02,34.851354,-82.3984882
Greenwood,17,2019-12-02,37.8709542,-96.2471338
Harlingen,27,2019-12-02,26.1908241,-97.6959794
Harrisburg,30,2019-12-02,40.2663107,-76.8861122
Harrisonburg VA,29,2019-12-02,38.4493315,-78.8688833
Hartford,30,2019-12-02,41.764582,-72.6908547
Hattiesburg,21,2019-12-02,31.3271189,-89.2903392
Helena MT,45,2019-12-02,46.5927425,-112.0362771
Honolulu HI,25,2019-12-02,21.304547,-157.8556764
Houston TX,26,2019-12-02,29.7589382,-95.3676974
Huntsville,26,2019-12-02,34.729847,-86.5859011
Idaho Falls,37,2019-12-02,43.4935245,-112.0400919
Indianapolis IN,33,2019-12-02,39.7683331,-86.1583502
Jackson MS,19,2019-12-02,28.530801699999998,-81.30324431076107
Jackson TN,18,2019-12-02,35.6144446,-88.8177418
Jacksonville FL,26,2019-12-02,30.3321838,-81.655651
Johnstown,41,2019-12-02,40.3267407,-78.9219698
Jonesboro AR,42,2019-12-02,35.8428646,-90.7034522
Joplin MO,28,2019-12-02,37.08418,-94.51323
Juneau AK,34,2019-12-02,58.3019496,-134.419734
Kansas City MO,35,2019-12-02,39.100105,-94.5781416
Knoxville TN,31,2019-12-02,35.9603948,-83.9210261
La Crosse,35,2019-12-02,43.8014053,-91.2395429
Lafayette IN,13,2019-12-02,40.4167022,-86.8752869
Lafayette LA,20,2019-12-02,30.2240897,-92.0198427
Lake Charles LA,14,2019-12-02,30.2265949,-93.2173759
Lansing MI,37,2019-12-02,42.7338147,-84.5207088
Laredo TX,24,2019-12-02,27.5199841,-99.4953764
Las Vegas NV,36,2019-12-02,36.1672559,-115.1485163
Lexington KY,32,2019-12-02,38.0464066,-84.4970393
Lima OH,20,2019-12-02,40.7399785,-84.105006
Lincoln,27,2019-12-02,47.8299069,-118.414727
Little Rock,21,2019-12-02,34.7464809,-92.2895948
Los Angeles CA,39,2019-12-02,34.0536909,-118.2427666
Louisville KY,32,2019-12-02,38.2542376,-85.759407
Lubbock TX,27,2019-12-02,33.5635206,-101.879336
Macon GA,14,2019-12-02,32.8406946,-83.6324022
Madison WI,29,2019-12-02,43.074761,-89.3837613
Mankato MN,39,2019-12-02,44.1634663,-93.9993505
Marquette MI,34,2019-12-02,46.4481521,-87.6305899
Medford,28,2019-12-02,42.4184296,-71.1061639
Memphis TN,15,2019-12-02,35.1490215,-90.0516285
Meridian MS,13,2019-12-02,43.61732135,-116.40613112241579
Miami,20,2019-12-02,25.7742658,-80.1936589
Milwaukee WI,34,2019-12-02,43.0349931,-87.922497
Minneapolis,35,2019-12-02,44.9772995,-93.2654692
Minot,21,2019-12-02,47.6698594,4.8786165
Missoula MT,27,2019-12-02,46.8701049,-113.9952672
Mobile AL,25,2019-12-02,39.092585,-84.853229
Monroe LA,19,2019-12-02,38.2722313,-90.1792484
Monterey,34,2019-12-02,36.2231079,-121.3877428
Montgomery,21,2019-12-02,32.3669656,-86.3006485
Nashville TN,31,2019-12-02,36.1622296,-86.7743531
New Orleans LA,23,2019-12-02,29.9499323,-90.0701156
New York NY,26,2019-12-02,40.7127281,-74.0060152
Norfolk,26,2019-12-02,52.666667,1.0
North Platte NE,36,2019-12-02,41.1238873,-100.7654232
Odessa,33,2019-12-02,46.4873195,30.7392776
Oklahoma City OK,35,2019-12-02,35.4729886,-97.5170536
Omaha NE,33,2019-12-02,41.2587459,-95.9383758
Orlando,37,2019-12-02,28.5421109,-81.3790304
Ottumwa IA,32,2019-12-02,41.0200145,-92.4112963
Paducah KY,25,2019-12-02,37.0833893,-88.6000478
Palm Springs CA,27,2019-12-02,33.8246269,-116.540303
Panama City FL,18,2019-12-02,30.1600827,-85.6545729
Parkersburg WV,28,2019-12-02,39.2699565,-81.5506916
Peoria,37,2019-12-02,40.6938609,-89.5891008
Philadelphia PA,32,2019-12-02,39.9527237,-75.1635262
Phoenix AZ,36,2019-12-02,33.4484367,-112.0741417
Pittsburgh PA,35,2019-12-02,40.4416941,-79.9900861
Portland OR,38,2019-12-02,45.5202471,-122.6741949
Portland,31,2019-12-02,45.5202471,-122.6741949
Presque Isle ME,27,2019-12-02,46.681479,-68.016357
Providence RI,37,2019-12-02,51.4325409,-2.6642358
Quincy IL,25,2019-12-02,39.9368363,-120.9471764
Raleigh,26,2019-12-02,35.7803977,-78.6390989
Rapid City SD,23,2019-12-02,44.081176,-103.228006
Reno NV,32,2019-12-02,39.5261206,-119.8126581
Richmond,29,2019-12-02,37.5385087,-77.43428
Roanoke,30,2019-12-02,37.270973,-79.9414313
Rochester MN,27,2019-12-02,44.0234387,-92.4630182
Rochester NY,36,2019-12-02,43.157285,-77.615214
Rockford IL,32,2019-12-02,42.2713945,-89.093966
Sacramento,32,2019-12-02,38.5815719,-121.4943996
Salisbury MD,29,2019-12-02,38.3662114,-75.6008881
Salt Lake City UT,49,2019-12-02,40.7596198,-111.8867975
San Angelo TX,21,2019-12-02,31.4648357,-100.4398442
San Antonio TX,34,2019-12-02,29.4246002,-98.4951405
San Diego CA,40,2019-12-02,32.7174209,-117.1627714
San Francisco,30,2019-12-02,37.7790262,-122.4199061
Santa Barbara,27,2019-12-02,34.4221319,-119.7026673
Savannah GA,26,2019-12-02,43.4129206,-79.7028276
Seattle,42,2019-12-02,47.6038321,-122.3300624
Sherman TX,31,2019-12-02,36.2452294,-101.8858689
Shreveport LA,16,2019-12-02,32.5221828,-93.7651944
Sioux City IA,28,2019-12-02,42.4966815,-96.4058782
Sioux Fall,36,2019-12-02,46.737158,-90.8801835
South Bend,42,2019-12-02,41.6833813,-86.2500066
Spokane WA,32,2019-12-02,47.6579425,-117.4212265
Springfield MO,27,2019-12-02,37.2166779,-93.2920373
Springfield,38,2019-12-02,39.7990175,-89.6439575
St. Joseph MO,41,2019-12-02,39.7686055,-94.8466322
St. Louis MO,31,2019-12-02,38.6529545,-90.24111656024635
Syracuse NY,27,2019-12-02,43.0481221,-76.1474244
Tallahassee FL,27,2019-12-02,30.4380832,-84.2809332
Tampa,27,2019-12-02,27.9477595,-82.458444
Terre Haute IN,31,2019-12-02,39.4667025,-87.4139119
Toledo OH,29,2019-12-02,41.6786754,-83.5127283
Topeka KS,40,2019-12-02,39.049011,-95.677556
Traverse City,24,2019-12-02,44.7606441,-85.6165301
Tri,32,2019-12-02,35.875259,-78.7751271
Tucson,35,2019-12-02,32.2228765,-110.9748477
Tulsa OK,30,2019-12-02,36.1556805,-95.9929113
Twin Falls ID,28,2019-12-02,42.5704219,-114.4603171
Tyler,23,2019-12-02,32.3512601,-95.3010624
Utica NY,22,2019-12-02,43.1009031,-75.2326641
Victoria TX,37,2019-12-02,28.8026443,-96.9766308
Waco,33,2019-12-02,31.549333,-97.1466695
Washington DC,32,2019-12-02,38.8948932,-77.0365529
Watertown NY,27,2019-12-02,43.9747838,-75.9107565
Wausau,31,2019-12-02,44.9596017,-89.6298239
West Palm Beach,26,2019-12-02,26.7153425,-80.0533746
Wheeling WV,30,2019-12-02,40.0639616,-80.7209149
Wichita Falls TX,38,2019-12-02,33.9137085,-98.4933873
Wichita,31,2019-12-02,37.6922361,-97.3375448
Wilkes Barre,32,2019-12-02,41.2464824,-75.8817316
Wilmington NC,29,2019-12-02,34.2257282,-77.9447107
Yakima,35,2019-12-02,46.601557,-120.5108421
Youngstown OH,30,2019-12-02,41.1035786,-80.6520161
Yuma AZ,29,2019-12-02,32.6926588,-114.6276157
Zanesville OH,37,2019-12-02,39.9403453,-82.0131924
Abilene,53,2019-12-09,32.44645,-99.7475905
Albany GA,28,2019-12-09,51.7468576,-0.3383107
Albany,45,2019-12-09,42.6511674,-73.754968
Albuquerque,50,2019-12-09,35.0841034,-106.6509851
Alexandria LA,47,2019-12-09,31.199004,29.894378
Alpena MI,100,2019-12-09,45.0176181,-83.6670019
Amarillo TX,61,2019-12-09,35.2072185,-101.8338246
Anchorage AK,44,2019-12-09,61.2163129,-149.8948523
Atlanta GA,40,2019-12-09,33.7490987,-84.3901849
Augusta GA,30,2019-12-09,33.4709714,-81.9748429
Austin TX,57,2019-12-09,30.2711286,-97.7436995
Bakersfield CA,42,2019-12-09,35.3738712,-119.0194639
Baltimore MD,42,2019-12-09,39.2908816,-76.610759
Bangor ME,51,2019-12-09,29.0659229,-110.97133
Baton Rouge LA,38,2019-12-09,30.4459596,-91.18738
Beaumont,25,2019-12-09,30.0860459,-94.1018461
Bend OR,43,2019-12-09,44.0581728,-121.3153096
"Billings, MT",55,2019-12-09,45.7874957,-108.49607
Biloxi,22,2019-12-09,30.374673,-88.84594333482862
Binghamton NY,46,2019-12-09,42.096968,-75.914341
Birmingham AL,41,2019-12-09,33.570499,-86.765783
Bluefield,48,2019-12-09,37.2698395,-81.2223195
Boise ID,58,2019-12-09,43.6166163,-116.200886
Boston MA,50,2019-12-09,42.3602534,-71.0582912
Bowling Green KY,71,2019-12-09,36.9903199,-86.4436018
Buffalo NY,53,2019-12-09,42.8867166,-78.8783922
Burlington VT,41,2019-12-09,44.4762975,-73.2135472
Butte,59,2019-12-09,39.6519275,-121.5858444
Casper,82,2019-12-09,42.866632,-106.313081
Cedar Rapids,50,2019-12-09,41.9758872,-91.6704053
Champaign,49,2019-12-09,40.1164205,-88.2433829
Charleston SC,45,2019-12-09,32.7876012,-79.9402728
Charleston,41,2019-12-09,32.7876012,-79.9402728
Charlotte NC,48,2019-12-09,35.2270869,-80.8431268
Charlottesville VA,82,2019-12-09,38.029306,-78.4766781
Chattanooga TN,35,2019-12-09,35.0457219,-85.3094883
Cheyenne WY,35,2019-12-09,45.2519491,-75.7306849
Chicago IL,53,2019-12-09,41.8755616,-87.6244212
Chico,48,2019-12-09,39.7284945,-121.8374777
Cincinnati OH,53,2019-12-09,39.1014537,-84.5124602
Clarksburg,94,2019-12-09,39.2806451,-80.3445341
Cleveland,50,2019-12-09,41.5051613,-81.6934446
Colorado Springs,47,2019-12-09,38.8339578,-104.8253485
Columbia SC,27,2019-12-09,34.0007493,-81.0343313
Columbia,49,2019-12-09,2.8894434,-73.783892
Columbus GA,36,2019-12-09,43.1830762,-79.8147518
Columbus OH,54,2019-12-09,39.9622601,-83.0007065
Columbus,39,2019-12-09,39.9622601,-83.0007065
Corpus Christi TX,31,2019-12-09,27.7477253,-97.4014129
Dallas,43,2019-12-09,32.7762719,-96.7968559
Davenport IA,52,2019-12-09,41.5236436,-90.5776368
Dayton OH,34,2019-12-09,39.7589478,-84.1916069
Denver CO,60,2019-12-09,39.7348381,-104.9653271
Des Moines,53,2019-12-09,41.5910641,-93.6037149
Detroit MI,52,2019-12-09,42.3315509,-83.0466403
Dothan AL,34,2019-12-09,31.2237434,-85.3933906
Duluth MN,38,2019-12-09,46.7729322,-92.1251218
El Paso TX,59,2019-12-09,31.7754152,-106.4646348
Elmira NY,68,2019-12-09,42.0897965,-76.8077338
Erie PA,43,2019-12-09,42.1294712,-80.0852695
Eugene OR,65,2019-12-09,44.0505054,-123.0950506
Eureka CA,54,2019-12-09,45.4985271,-62.6816736
Evansville IN,42,2019-12-09,4.5777639,-7.6472486
Fairbanks AK,45,2019-12-09,64.837845,-147.716675
Fargo,53,2019-12-09,46.877229,-96.789821
Flint,43,2019-12-09,43.0161693,-83.6900211
Florence,25,2019-12-09,43.7698712,11.2555757
Fresno,44,2019-12-09,36.7295295,-119.70886126075588
Ft. Myers,29,2019-12-09,26.640628,-81.8723084
Ft. Smith,53,2019-12-09,35.3872218,-94.4248983
Ft. Wayne IN,47,2019-12-09,41.0799898,-85.1386015
Gainesville FL,49,2019-12-09,29.67357765,-82.32337460192167
Grand Junction,61,2019-12-09,39.063956,-108.5507317
Grand Rapids,51,2019-12-09,42.9632405,-85.6678639
Great Falls MT,57,2019-12-09,47.5048851,-111.2918908
Green Bay,58,2019-12-09,44.5126379,-88.0125794
Greensboro,44,2019-12-09,36.0726355,-79.7919754
Greenville,45,2019-12-09,34.851354,-82.3984882
Greenville,45,2019-12-09,34.851354,-82.3984882
Harlingen,36,2019-12-09,26.1908241,-97.6959794
Harrisburg,49,2019-12-09,40.2663107,-76.8861122
Harrisonburg VA,49,2019-12-09,38.4493315,-78.8688833
Hartford,46,2019-12-09,41.764582,-72.6908547
Hattiesburg,43,2019-12-09,31.3271189,-89.2903392
Helena MT,59,2019-12-09,46.5927425,-112.0362771
Honolulu HI,44,2019-12-09,21.304547,-157.8556764
Houston TX,39,2019-12-09,29.7589382,-95.3676974
Huntsville,33,2019-12-09,34.729847,-86.5859011
Idaho Falls,66,2019-12-09,43.4935245,-112.0400919
Indianapolis IN,54,2019-12-09,39.7683331,-86.1583502
Jackson MS,24,2019-12-09,28.530801699999998,-81.30324431076107
Jackson TN,53,2019-12-09,35.6144446,-88.8177418
Jacksonville FL,39,2019-12-09,30.3321838,-81.655651
Johnstown,43,2019-12-09,40.3267407,-78.9219698
Jonesboro AR,46,2019-12-09,35.8428646,-90.7034522
Joplin MO,40,2019-12-09,37.08418,-94.51323
Juneau AK,64,2019-12-09,58.3019496,-134.419734
Kansas City MO,56,2019-12-09,39.100105,-94.5781416
Knoxville TN,50,2019-12-09,35.9603948,-83.9210261
La Crosse,50,2019-12-09,43.8014053,-91.2395429
Lafayette IN,34,2019-12-09,40.4167022,-86.8752869
Lafayette LA,20,2019-12-09,30.2240897,-92.0198427
Lake Charles LA,42,2019-12-09,30.2265949,-93.2173759
Lansing MI,53,2019-12-09,42.7338147,-84.5207088
Laredo TX,47,2019-12-09,27.5199841,-99.4953764
Las Vegas NV,53,2019-12-09,36.1672559,-115.1485163
Lexington KY,47,2019-12-09,38.0464066,-84.4970393
Lima OH,62,2019-12-09,40.7399785,-84.105006
Lincoln,45,2019-12-09,47.8299069,-118.414727
Little Rock,42,2019-12-09,34.7464809,-92.2895948
Los Angeles CA,57,2019-12-09,34.0536909,-118.2427666
Louisville KY,51,2019-12-09,38.2542376,-85.759407
Lubbock TX,44,2019-12-09,33.5635206,-101.879336
Macon GA,23,2019-12-09,32.8406946,-83.6324022
Madison WI,61,2019-12-09,43.074761,-89.3837613
Mankato MN,25,2019-12-09,44.1634663,-93.9993505
Marquette MI,75,2019-12-09,46.4481521,-87.6305899
Medford,41,2019-12-09,42.4184296,-71.1061639
Memphis TN,27,2019-12-09,35.1490215,-90.0516285
Meridian MS,26,2019-12-09,43.61732135,-116.40613112241579
Miami,35,2019-12-09,25.7742658,-80.1936589
Milwaukee WI,52,2019-12-09,43.0349931,-87.922497
Minneapolis,51,2019-12-09,44.9772995,-93.2654692
Minot,54,2019-12-09,47.6698594,4.8786165
Missoula MT,43,2019-12-09,46.8701049,-113.9952672
Mobile AL,31,2019-12-09,39.092585,-84.853229
Monroe LA,39,2019-12-09,38.2722313,-90.1792484
Monterey,50,2019-12-09,36.2231079,-121.3877428
Montgomery,42,2019-12-09,32.3669656,-86.3006485
Nashville TN,47,2019-12-09,36.1622296,-86.7743531
New Orleans LA,39,2019-12-09,29.9499323,-90.0701156
New York NY,36,2019-12-09,40.7127281,-74.0060152
Norfolk,51,2019-12-09,52.666667,1.0
Odessa,38,2019-12-09,46.4873195,30.7392776
Oklahoma City OK,49,2019-12-09,35.4729886,-97.5170536
Omaha NE,50,2019-12-09,41.2587459,-95.9383758
Orlando,51,2019-12-09,28.5421109,-81.3790304
Ottumwa IA,49,2019-12-09,41.0200145,-92.4112963
Paducah KY,46,2019-12-09,37.0833893,-88.6000478
Palm Springs CA,32,2019-12-09,33.8246269,-116.540303
Panama City FL,31,2019-12-09,30.1600827,-85.6545729
Parkersburg WV,48,2019-12-09,39.2699565,-81.5506916
Peoria,43,2019-12-09,40.6938609,-89.5891008
Philadelphia PA,45,2019-12-09,39.9527237,-75.1635262
Phoenix AZ,52,2019-12-09,33.4484367,-112.0741417
Pittsburgh PA,56,2019-12-09,40.4416941,-79.9900861
Portland OR,59,2019-12-09,45.5202471,-122.6741949
Portland,50,2019-12-09,45.5202471,-122.6741949
Providence RI,46,2019-12-09,51.4325409,-2.6642358
Quincy IL,32,2019-12-09,39.9368363,-120.9471764
Raleigh,40,2019-12-09,35.7803977,-78.6390989
Rapid City SD,30,2019-12-09,44.081176,-103.228006
Reno NV,52,2019-12-09,39.5261206,-119.8126581
Richmond,51,2019-12-09,37.5385087,-77.43428
Roanoke,46,2019-12-09,37.270973,-79.9414313
Rochester MN,55,2019-12-09,44.0234387,-92.4630182
Rochester NY,42,2019-12-09,43.157285,-77.615214
Rockford IL,35,2019-12-09,42.2713945,-89.093966
Sacramento,48,2019-12-09,38.5815719,-121.4943996
Salisbury MD,23,2019-12-09,38.3662114,-75.6008881
Salt Lake City UT,74,2019-12-09,40.7596198,-111.8867975
San Angelo TX,33,2019-12-09,31.4648357,-100.4398442
San Antonio TX,51,2019-12-09,29.4246002,-98.4951405
San Diego CA,61,2019-12-09,32.7174209,-117.1627714
San Francisco,44,2019-12-09,37.7790262,-122.4199061
Santa Barbara,46,2019-12-09,34.4221319,-119.7026673
Savannah GA,36,2019-12-09,43.4129206,-79.7028276
Seattle,56,2019-12-09,47.6038321,-122.3300624
Sherman TX,54,2019-12-09,36.2452294,-101.8858689
Shreveport LA,33,2019-12-09,32.5221828,-93.7651944
Sioux City IA,41,2019-12-09,42.4966815,-96.4058782
Sioux Fall,50,2019-12-09,46.737158,-90.8801835
South Bend,45,2019-12-09,41.6833813,-86.2500066
Spokane WA,44,2019-12-09,47.6579425,-117.4212265
Springfield MO,41,2019-12-09,37.2166779,-93.2920373
Springfield,55,2019-12-09,39.7990175,-89.6439575
St. Joseph MO,37,2019-12-09,39.7686055,-94.8466322
St. Louis MO,50,2019-12-09,38.6529545,-90.24111656024635
Syracuse NY,48,2019-12-09,43.0481221,-76.1474244
Tallahassee FL,39,2019-12-09,30.4380832,-84.2809332
Tampa,38,2019-12-09,27.9477595,-82.458444
Terre Haute IN,53,2019-12-09,39.4667025,-87.4139119
Toledo OH,52,2019-12-09,41.6786754,-83.5127283
Topeka KS,68,2019-12-09,39.049011,-95.677556
Traverse City,60,2019-12-09,44.7606441,-85.6165301
Tri,38,2019-12-09,35.875259,-78.7751271
Tucson,55,2019-12-09,32.2228765,-110.9748477
Tulsa OK,47,2019-12-09,36.1556805,-95.9929113
Twin Falls ID,75,2019-12-09,42.5704219,-114.4603171
Tyler,33,2019-12-09,32.3512601,-95.3010624
Utica NY,41,2019-12-09,43.1009031,-75.2326641
Victoria TX,51,2019-12-09,28.8026443,-96.9766308
Waco,41,2019-12-09,31.549333,-97.1466695
Washington DC,43,2019-12-09,38.8948932,-77.0365529
Watertown NY,59,2019-12-09,43.9747838,-75.9107565
Wausau,48,2019-12-09,44.9596017,-89.6298239
West Palm Beach,35,2019-12-09,26.7153425,-80.0533746
Wheeling WV,57,2019-12-09,40.0639616,-80.7209149
Wichita Falls TX,55,2019-12-09,33.9137085,-98.4933873
Wichita,44,2019-12-09,37.6922361,-97.3375448
Wilkes Barre,39,2019-12-09,41.2464824,-75.8817316
Wilmington NC,30,2019-12-09,34.2257282,-77.9447107
Yakima,45,2019-12-09,46.601557,-120.5108421
Youngstown OH,41,2019-12-09,41.1035786,-80.6520161
Yuma AZ,39,2019-12-09,32.6926588,-114.6276157
Zanesville OH,67,2019-12-09,39.9403453,-82.0131924
Abilene,27,2019-12-16,32.44645,-99.7475905
Albany GA,9,2019-12-16,51.7468576,-0.3383107
Albany,38,2019-12-16,42.6511674,-73.754968
Albuquerque,50,2019-12-16,35.0841034,-106.6509851
Alexandria LA,29,2019-12-16,31.199004,29.894378
Alpena MI,65,2019-12-16,45.0176181,-83.6670019
Amarillo TX,40,2019-12-16,35.2072185,-101.8338246
Anchorage AK,51,2019-12-16,61.2163129,-149.8948523
Atlanta GA,25,2019-12-16,33.7490987,-84.3901849
Augusta GA,20,2019-12-16,33.4709714,-81.9748429
Austin TX,37,2019-12-16,30.2711286,-97.7436995
Bakersfield CA,25,2019-12-16,35.3738712,-119.0194639
Baltimore MD,24,2019-12-16,39.2908816,-76.610759
Bangor ME,31,2019-12-16,29.0659229,-110.97133
Baton Rouge LA,20,2019-12-16,30.4459596,-91.18738
Beaumont,35,2019-12-16,30.0860459,-94.1018461
Bend OR,50,2019-12-16,44.0581728,-121.3153096
"Billings, MT",32,2019-12-16,45.7874957,-108.49607
Biloxi,18,2019-12-16,30.374673,-88.84594333482862
Binghamton NY,28,2019-12-16,42.096968,-75.914341
Birmingham AL,26,2019-12-16,33.570499,-86.765783
Bluefield,28,2019-12-16,37.2698395,-81.2223195
Boise ID,50,2019-12-16,43.6166163,-116.200886
Boston MA,35,2019-12-16,42.3602534,-71.0582912
Bowling Green KY,54,2019-12-16,36.9903199,-86.4436018
Buffalo NY,34,2019-12-16,42.8867166,-78.8783922
Burlington VT,31,2019-12-16,44.4762975,-73.2135472
Butte,52,2019-12-16,39.6519275,-121.5858444
Casper,24,2019-12-16,42.866632,-106.313081
Cedar Rapids,36,2019-12-16,41.9758872,-91.6704053
Champaign,32,2019-12-16,40.1164205,-88.2433829
Charleston SC,35,2019-12-16,32.7876012,-79.9402728
Charleston,34,2019-12-16,32.7876012,-79.9402728
Charlotte NC,27,2019-12-16,35.2270869,-80.8431268
Charlottesville VA,26,2019-12-16,38.029306,-78.4766781
Chattanooga TN,42,2019-12-16,35.0457219,-85.3094883
Cheyenne WY,70,2019-12-16,45.2519491,-75.7306849
Chicago IL,38,2019-12-16,41.8755616,-87.6244212
Chico,36,2019-12-16,39.7284945,-121.8374777
Cincinnati OH,33,2019-12-16,39.1014537,-84.5124602
Clarksburg,24,2019-12-16,39.2806451,-80.3445341
Cleveland,37,2019-12-16,41.5051613,-81.6934446
Colorado Springs,44,2019-12-16,38.8339578,-104.8253485
Columbia SC,16,2019-12-16,34.0007493,-81.0343313
Columbia,27,2019-12-16,2.8894434,-73.783892
Columbus GA,28,2019-12-16,43.1830762,-79.8147518
Columbus OH,37,2019-12-16,39.9622601,-83.0007065
Columbus,18,2019-12-16,39.9622601,-83.0007065
Corpus Christi TX,35,2019-12-16,27.7477253,-97.4014129
Dallas,34,2019-12-16,32.7762719,-96.7968559
Davenport IA,40,2019-12-16,41.5236436,-90.5776368
Dayton OH,41,2019-12-16,39.7589478,-84.1916069
Denver CO,48,2019-12-16,39.7348381,-104.9653271
Des Moines,41,2019-12-16,41.5910641,-93.6037149
Detroit MI,35,2019-12-16,42.3315509,-83.0466403
Dothan AL,21,2019-12-16,31.2237434,-85.3933906
Duluth MN,32,2019-12-16,46.7729322,-92.1251218
El Paso TX,44,2019-12-16,31.7754152,-106.4646348
Elmira NY,18,2019-12-16,42.0897965,-76.8077338
Erie PA,43,2019-12-16,42.1294712,-80.0852695
Eugene OR,28,2019-12-16,44.0505054,-123.0950506
Eureka CA,24,2019-12-16,45.4985271,-62.6816736
Evansville IN,45,2019-12-16,4.5777639,-7.6472486
Fairbanks AK,28,2019-12-16,64.837845,-147.716675
Fargo,25,2019-12-16,46.877229,-96.789821
Flint,30,2019-12-16,43.0161693,-83.6900211
Florence,17,2019-12-16,43.7698712,11.2555757
Fresno,38,2019-12-16,36.7295295,-119.70886126075588
Ft. Myers,21,2019-12-16,26.640628,-81.8723084
Ft. Smith,29,2019-12-16,35.3872218,-94.4248983
Ft. Wayne IN,32,2019-12-16,41.0799898,-85.1386015
Gainesville FL,25,2019-12-16,29.67357765,-82.32337460192167
Grand Junction,51,2019-12-16,39.063956,-108.5507317
Grand Rapids,33,2019-12-16,42.9632405,-85.6678639
Great Falls MT,15,2019-12-16,47.5048851,-111.2918908
Green Bay,36,2019-12-16,44.5126379,-88.0125794
Greensboro,26,2019-12-16,36.0726355,-79.7919754
Greenville,15,2019-12-16,34.851354,-82.3984882
Greenville,29,2019-12-16,34.851354,-82.3984882
Harlingen,29,2019-12-16,26.1908241,-97.6959794
Harrisburg,34,2019-12-16,40.2663107,-76.8861122
Harrisonburg VA,30,2019-12-16,38.4493315,-78.8688833
Hartford,35,2019-12-16,41.764582,-72.6908547
Hattiesburg,27,2019-12-16,31.3271189,-89.2903392
Honolulu HI,34,2019-12-16,21.304547,-157.8556764
Houston TX,31,2019-12-16,29.7589382,-95.3676974
Huntsville,32,2019-12-16,34.729847,-86.5859011
Idaho Falls,40,2019-12-16,43.4935245,-112.0400919
Indianapolis IN,38,2019-12-16,39.7683331,-86.1583502
Jackson MS,13,2019-12-16,28.530801699999998,-81.30324431076107
Jackson TN,19,2019-12-16,35.6144446,-88.8177418
Jacksonville FL,27,2019-12-16,30.3321838,-81.655651
Johnstown,23,2019-12-16,40.3267407,-78.9219698
Jonesboro AR,42,2019-12-16,35.8428646,-90.7034522
Joplin MO,31,2019-12-16,37.08418,-94.51323
Juneau AK,63,2019-12-16,58.3019496,-134.419734
Kansas City MO,35,2019-12-16,39.100105,-94.5781416
Knoxville TN,42,2019-12-16,35.9603948,-83.9210261
La Crosse,37,2019-12-16,43.8014053,-91.2395429
Lafayette IN,24,2019-12-16,40.4167022,-86.8752869
Lafayette LA,20,2019-12-16,30.2240897,-92.0198427
Lake Charles LA,32,2019-12-16,30.2265949,-93.2173759
Lansing MI,41,2019-12-16,42.7338147,-84.5207088
Laredo TX,40,2019-12-16,27.5199841,-99.4953764
Las Vegas NV,34,2019-12-16,36.1672559,-115.1485163
Lexington KY,29,2019-12-16,38.0464066,-84.4970393
Lima OH,14,2019-12-16,40.7399785,-84.105006
Lincoln,35,2019-12-16,47.8299069,-118.414727
Little Rock,34,2019-12-16,34.7464809,-92.2895948
Los Angeles CA,39,2019-12-16,34.0536909,-118.2427666
Louisville KY,35,2019-12-16,38.2542376,-85.759407
Lubbock TX,37,2019-12-16,33.5635206,-101.879336
Macon GA,25,2019-12-16,32.8406946,-83.6324022
Madison WI,28,2019-12-16,43.074761,-89.3837613
Mankato MN,81,2019-12-16,44.1634663,-93.9993505
Marquette MI,32,2019-12-16,46.4481521,-87.6305899
Medford,27,2019-12-16,42.4184296,-71.1061639
Memphis TN,21,2019-12-16,35.1490215,-90.0516285
Miami,26,2019-12-16,25.7742658,-80.1936589
Milwaukee WI,36,2019-12-16,43.0349931,-87.922497
Minneapolis,35,2019-12-16,44.9772995,-93.2654692
Minot,27,2019-12-16,47.6698594,4.8786165
Missoula MT,39,2019-12-16,46.8701049,-113.9952672
Mobile AL,30,2019-12-16,39.092585,-84.853229
Monroe LA,21,2019-12-16,38.2722313,-90.1792484
Monterey,28,2019-12-16,36.2231079,-121.3877428
Montgomery,23,2019-12-16,32.3669656,-86.3006485
Nashville TN,35,2019-12-16,36.1622296,-86.7743531
New Orleans LA,25,2019-12-16,29.9499323,-90.0701156
New York NY,27,2019-12-16,40.7127281,-74.0060152
Norfolk,27,2019-12-16,52.666667,1.0
North Platte NE,100,2019-12-16,41.1238873,-100.7654232
Odessa,29,2019-12-16,46.4873195,30.7392776
Oklahoma City OK,35,2019-12-16,35.4729886,-97.5170536
Omaha NE,39,2019-12-16,41.2587459,-95.9383758
Orlando,37,2019-12-16,28.5421109,-81.3790304
Ottumwa IA,31,2019-12-16,41.0200145,-92.4112963
Paducah KY,28,2019-12-16,37.0833893,-88.6000478
Palm Springs CA,18,2019-12-16,33.8246269,-116.540303
Panama City FL,33,2019-12-16,30.1600827,-85.6545729
Parkersburg WV,38,2019-12-16,39.2699565,-81.5506916
Peoria,40,2019-12-16,40.6938609,-89.5891008
Philadelphia PA,27,2019-12-16,39.9527237,-75.1635262
Phoenix AZ,39,2019-12-16,33.4484367,-112.0741417
Pittsburgh PA,40,2019-12-16,40.4416941,-79.9900861
Portland OR,38,2019-12-16,45.5202471,-122.6741949
Portland,40,2019-12-16,45.5202471,-122.6741949
Presque Isle ME,38,2019-12-16,46.681479,-68.016357
Providence RI,42,2019-12-16,51.4325409,-2.6642358
Quincy IL,52,2019-12-16,39.9368363,-120.9471764
Raleigh,32,2019-12-16,35.7803977,-78.6390989
Rapid City SD,65,2019-12-16,44.081176,-103.228006
Reno NV,47,2019-12-16,39.5261206,-119.8126581
Richmond,31,2019-12-16,37.5385087,-77.43428
Roanoke,35,2019-12-16,37.270973,-79.9414313
Rochester MN,30,2019-12-16,44.0234387,-92.4630182
Rochester NY,35,2019-12-16,43.157285,-77.615214
Rockford IL,24,2019-12-16,42.2713945,-89.093966
Sacramento,33,2019-12-16,38.5815719,-121.4943996
Salisbury MD,40,2019-12-16,38.3662114,-75.6008881
Salt Lake City UT,53,2019-12-16,40.7596198,-111.8867975
San Angelo TX,51,2019-12-16,31.4648357,-100.4398442
San Antonio TX,41,2019-12-16,29.4246002,-98.4951405
San Diego CA,39,2019-12-16,32.7174209,-117.1627714
San Francisco,30,2019-12-16,37.7790262,-122.4199061
Santa Barbara,34,2019-12-16,34.4221319,-119.7026673
Savannah GA,29,2019-12-16,43.4129206,-79.7028276
Seattle,43,2019-12-16,47.6038321,-122.3300624
Sherman TX,33,2019-12-16,36.2452294,-101.8858689
Shreveport LA,17,2019-12-16,32.5221828,-93.7651944
Sioux City IA,47,2019-12-16,42.4966815,-96.4058782
Sioux Fall,38,2019-12-16,46.737158,-90.8801835
South Bend,38,2019-12-16,41.6833813,-86.2500066
Spokane WA,27,2019-12-16,47.6579425,-117.4212265
Springfield MO,42,2019-12-16,37.2166779,-93.2920373
Springfield,43,2019-12-16,39.7990175,-89.6439575
St. Joseph MO,19,2019-12-16,39.7686055,-94.8466322
St. Louis MO,36,2019-12-16,38.6529545,-90.24111656024635
Syracuse NY,32,2019-12-16,43.0481221,-76.1474244
Tallahassee FL,29,2019-12-16,30.4380832,-84.2809332
Tampa,28,2019-12-16,27.9477595,-82.458444
Terre Haute IN,20,2019-12-16,39.4667025,-87.4139119
Toledo OH,39,2019-12-16,41.6786754,-83.5127283
Topeka KS,28,2019-12-16,39.049011,-95.677556
Traverse City,41,2019-12-16,44.7606441,-85.6165301
Tri,41,2019-12-16,35.875259,-78.7751271
Tucson,41,2019-12-16,32.2228765,-110.9748477
Tulsa OK,29,2019-12-16,36.1556805,-95.9929113
Twin Falls ID,51,2019-12-16,42.5704219,-114.4603171
Tyler,22,2019-12-16,32.3512601,-95.3010624
Utica NY,31,2019-12-16,43.1009031,-75.2326641
Victoria TX,24,2019-12-16,28.8026443,-96.9766308
Waco,29,2019-12-16,31.549333,-97.1466695
Washington DC,34,2019-12-16,38.8948932,-77.0365529
Watertown NY,38,2019-12-16,43.9747838,-75.9107565
Wausau,25,2019-12-16,44.9596017,-89.6298239
West Palm Beach,31,2019-12-16,26.7153425,-80.0533746
Wheeling WV,30,2019-12-16,40.0639616,-80.7209149
Wichita Falls TX,61,2019-12-16,33.9137085,-98.4933873
Wichita,39,2019-12-16,37.6922361,-97.3375448
Wilkes Barre,31,2019-12-16,41.2464824,-75.8817316
Wilmington NC,31,2019-12-16,34.2257282,-77.9447107
Yakima,32,2019-12-16,46.601557,-120.5108421
Youngstown OH,23,2019-12-16,41.1035786,-80.6520161
Yuma AZ,27,2019-12-16,32.6926588,-114.6276157
Abilene,26,2019-12-23,32.44645,-99.7475905
Albany GA,7,2019-12-23,51.7468576,-0.3383107
Albany,38,2019-12-23,42.6511674,-73.754968
Albuquerque,40,2019-12-23,35.0841034,-106.6509851
Alexandria LA,33,2019-12-23,31.199004,29.894378
Alpena MI,75,2019-12-23,45.0176181,-83.6670019
Amarillo TX,37,2019-12-23,35.2072185,-101.8338246
Anchorage AK,39,2019-12-23,61.2163129,-149.8948523
Atlanta GA,25,2019-12-23,33.7490987,-84.3901849
Augusta GA,24,2019-12-23,33.4709714,-81.9748429
Austin TX,38,2019-12-23,30.2711286,-97.7436995
Bakersfield CA,41,2019-12-23,35.3738712,-119.0194639
Baltimore MD,26,2019-12-23,39.2908816,-76.610759
Bangor ME,33,2019-12-23,29.0659229,-110.97133
Baton Rouge LA,23,2019-12-23,30.4459596,-91.18738
Beaumont,21,2019-12-23,30.0860459,-94.1018461
Bend OR,33,2019-12-23,44.0581728,-121.3153096
"Billings, MT",62,2019-12-23,45.7874957,-108.49607
Biloxi,21,2019-12-23,30.374673,-88.84594333482862
Binghamton NY,28,2019-12-23,42.096968,-75.914341
Birmingham AL,30,2019-12-23,33.570499,-86.765783
Bluefield,38,2019-12-23,37.2698395,-81.2223195
Boise ID,49,2019-12-23,43.6166163,-116.200886
Boston MA,35,2019-12-23,42.3602534,-71.0582912
Bowling Green KY,31,2019-12-23,36.9903199,-86.4436018
Buffalo NY,37,2019-12-23,42.8867166,-78.8783922
Burlington VT,24,2019-12-23,44.4762975,-73.2135472
Butte,16,2019-12-23,39.6519275,-121.5858444
Casper,32,2019-12-23,42.866632,-106.313081
Cedar Rapids,28,2019-12-23,41.9758872,-91.6704053
Champaign,33,2019-12-23,40.1164205,-88.2433829
Charleston SC,24,2019-12-23,32.7876012,-79.9402728
Charleston,39,2019-12-23,32.7876012,-79.9402728
Charlotte NC,30,2019-12-23,35.2270869,-80.8431268
Charlottesville VA,62,2019-12-23,38.029306,-78.4766781
Chattanooga TN,35,2019-12-23,35.0457219,-85.3094883
Cheyenne WY,50,2019-12-23,45.2519491,-75.7306849
Chicago IL,34,2019-12-23,41.8755616,-87.6244212
Chico,40,2019-12-23,39.7284945,-121.8374777
Cincinnati OH,37,2019-12-23,39.1014537,-84.5124602
Clarksburg,46,2019-12-23,39.2806451,-80.3445341
Cleveland,38,2019-12-23,41.5051613,-81.6934446
Colorado Springs,39,2019-12-23,38.8339578,-104.8253485
Columbia SC,25,2019-12-23,34.0007493,-81.0343313
Columbia,22,2019-12-23,2.8894434,-73.783892
Columbus GA,23,2019-12-23,43.1830762,-79.8147518
Columbus OH,41,2019-12-23,39.9622601,-83.0007065
Columbus,16,2019-12-23,39.9622601,-83.0007065
Corpus Christi TX,28,2019-12-23,27.7477253,-97.4014129
Dallas,35,2019-12-23,32.7762719,-96.7968559
Davenport IA,21,2019-12-23,41.5236436,-90.5776368
Dayton OH,42,2019-12-23,39.7589478,-84.1916069
Denver CO,41,2019-12-23,39.7348381,-104.9653271
Des Moines,33,2019-12-23,41.5910641,-93.6037149
Detroit MI,33,2019-12-23,42.3315509,-83.0466403
Dothan AL,24,2019-12-23,31.2237434,-85.3933906
Duluth MN,26,2019-12-23,46.7729322,-92.1251218
El Paso TX,45,2019-12-23,31.7754152,-106.4646348
Elmira NY,30,2019-12-23,42.0897965,-76.8077338
Erie PA,42,2019-12-23,42.1294712,-80.0852695
Eugene OR,44,2019-12-23,44.0505054,-123.0950506
Eureka CA,43,2019-12-23,45.4985271,-62.6816736
Evansville IN,34,2019-12-23,4.5777639,-7.6472486
Fairbanks AK,46,2019-12-23,64.837845,-147.716675
Fargo,31,2019-12-23,46.877229,-96.789821
Flint,36,2019-12-23,43.0161693,-83.6900211
Florence,30,2019-12-23,43.7698712,11.2555757
Fresno,28,2019-12-23,36.7295295,-119.70886126075588
Ft. Myers,31,2019-12-23,26.640628,-81.8723084
Ft. Smith,37,2019-12-23,35.3872218,-94.4248983
Ft. Wayne IN,38,2019-12-23,41.0799898,-85.1386015
Gainesville FL,33,2019-12-23,29.67357765,-82.32337460192167
Grand Junction,46,2019-12-23,39.063956,-108.5507317
Grand Rapids,35,2019-12-23,42.9632405,-85.6678639
Great Falls MT,43,2019-12-23,47.5048851,-111.2918908
Green Bay,24,2019-12-23,44.5126379,-88.0125794
Greensboro,26,2019-12-23,36.0726355,-79.7919754
Greenville,37,2019-12-23,34.851354,-82.3984882
Greenville,38,2019-12-23,34.851354,-82.3984882
Greenwood,21,2019-12-23,37.8709542,-96.2471338
Harlingen,41,2019-12-23,26.1908241,-97.6959794
Harrisburg,42,2019-12-23,40.2663107,-76.8861122
Harrisonburg VA,21,2019-12-23,38.4493315,-78.8688833
Hartford,36,2019-12-23,41.764582,-72.6908547
Hattiesburg,22,2019-12-23,31.3271189,-89.2903392
Helena MT,34,2019-12-23,46.5927425,-112.0362771
Honolulu HI,33,2019-12-23,21.304547,-157.8556764
Houston TX,33,2019-12-23,29.7589382,-95.3676974
Huntsville,32,2019-12-23,34.729847,-86.5859011
Idaho Falls,18,2019-12-23,43.4935245,-112.0400919
Indianapolis IN,38,2019-12-23,39.7683331,-86.1583502
Jackson MS,15,2019-12-23,28.530801699999998,-81.30324431076107
Jackson TN,42,2019-12-23,35.6144446,-88.8177418
Jacksonville FL,27,2019-12-23,30.3321838,-81.655651
Johnstown,50,2019-12-23,40.3267407,-78.9219698
Jonesboro AR,41,2019-12-23,35.8428646,-90.7034522
Joplin MO,33,2019-12-23,37.08418,-94.51323
Juneau AK,43,2019-12-23,58.3019496,-134.419734
Kansas City MO,37,2019-12-23,39.100105,-94.5781416
Knoxville TN,34,2019-12-23,35.9603948,-83.9210261
La Crosse,21,2019-12-23,43.8014053,-91.2395429
Lafayette IN,62,2019-12-23,40.4167022,-86.8752869
Lafayette LA,35,2019-12-23,30.2240897,-92.0198427
Lake Charles LA,23,2019-12-23,30.2265949,-93.2173759
Lansing MI,32,2019-12-23,42.7338147,-84.5207088
Laredo TX,25,2019-12-23,27.5199841,-99.4953764
Las Vegas NV,34,2019-12-23,36.1672559,-115.1485163
Lexington KY,34,2019-12-23,38.0464066,-84.4970393
Lima OH,50,2019-12-23,40.7399785,-84.105006
Lincoln,31,2019-12-23,47.8299069,-118.414727
Little Rock,30,2019-12-23,34.7464809,-92.2895948
Los Angeles CA,40,2019-12-23,34.0536909,-118.2427666
Louisville KY,38,2019-12-23,38.2542376,-85.759407
Lubbock TX,38,2019-12-23,33.5635206,-101.879336
Macon GA,19,2019-12-23,32.8406946,-83.6324022
Madison WI,34,2019-12-23,43.074761,-89.3837613
Mankato MN,47,2019-12-23,44.1634663,-93.9993505
Marquette MI,41,2019-12-23,46.4481521,-87.6305899
Medford,41,2019-12-23,42.4184296,-71.1061639
Memphis TN,22,2019-12-23,35.1490215,-90.0516285
Meridian MS,37,2019-12-23,43.61732135,-116.40613112241579
Miami,28,2019-12-23,25.7742658,-80.1936589
Milwaukee WI,33,2019-12-23,43.0349931,-87.922497
Minneapolis,34,2019-12-23,44.9772995,-93.2654692
Minot,27,2019-12-23,47.6698594,4.8786165
Missoula MT,38,2019-12-23,46.8701049,-113.9952672
Mobile AL,32,2019-12-23,39.092585,-84.853229
Monroe LA,22,2019-12-23,38.2722313,-90.1792484
Monterey,34,2019-12-23,36.2231079,-121.3877428
Montgomery,16,2019-12-23,32.3669656,-86.3006485
Nashville TN,36,2019-12-23,36.1622296,-86.7743531
New Orleans LA,27,2019-12-23,29.9499323,-90.0701156
New York NY,27,2019-12-23,40.7127281,-74.0060152
Norfolk,29,2019-12-23,52.666667,1.0
North Platte NE,100,2019-12-23,41.1238873,-100.7654232
Odessa,32,2019-12-23,46.4873195,30.7392776
Oklahoma City OK,38,2019-12-23,35.4729886,-97.5170536
Omaha NE,50,2019-12-23,41.2587459,-95.9383758
Orlando,38,2019-12-23,28.5421109,-81.3790304
Ottumwa IA,26,2019-12-23,41.0200145,-92.4112963
Paducah KY,38,2019-12-23,37.0833893,-88.6000478
Palm Springs CA,27,2019-12-23,33.8246269,-116.540303
Panama City FL,39,2019-12-23,30.1600827,-85.6545729
Parkersburg WV,49,2019-12-23,39.2699565,-81.5506916
Peoria,33,2019-12-23,40.6938609,-89.5891008
Philadelphia PA,33,2019-12-23,39.9527237,-75.1635262
Phoenix AZ,41,2019-12-23,33.4484367,-112.0741417
Pittsburgh PA,41,2019-12-23,40.4416941,-79.9900861
Portland OR,41,2019-12-23,45.5202471,-122.6741949
Portland,47,2019-12-23,45.5202471,-122.6741949
Presque Isle ME,63,2019-12-23,46.681479,-68.016357
Providence RI,39,2019-12-23,51.4325409,-2.6642358
Quincy IL,31,2019-12-23,39.9368363,-120.9471764
Raleigh,30,2019-12-23,35.7803977,-78.6390989
Rapid City SD,39,2019-12-23,44.081176,-103.228006
Reno NV,40,2019-12-23,39.5261206,-119.8126581
Richmond,34,2019-12-23,37.5385087,-77.43428
Roanoke,30,2019-12-23,37.270973,-79.9414313
Rochester MN,13,2019-12-23,44.0234387,-92.4630182
Rochester NY,36,2019-12-23,43.157285,-77.615214
Rockford IL,28,2019-12-23,42.2713945,-89.093966
Sacramento,40,2019-12-23,38.5815719,-121.4943996
Salisbury MD,35,2019-12-23,38.3662114,-75.6008881
Salt Lake City UT,53,2019-12-23,40.7596198,-111.8867975
San Angelo TX,43,2019-12-23,31.4648357,-100.4398442
San Antonio TX,44,2019-12-23,29.4246002,-98.4951405
San Diego CA,43,2019-12-23,32.7174209,-117.1627714
San Francisco,33,2019-12-23,37.7790262,-122.4199061
Santa Barbara,36,2019-12-23,34.4221319,-119.7026673
Savannah GA,26,2019-12-23,43.4129206,-79.7028276
Seattle,42,2019-12-23,47.6038321,-122.3300624
Sherman TX,29,2019-12-23,36.2452294,-101.8858689
Shreveport LA,16,2019-12-23,32.5221828,-93.7651944
Sioux City IA,18,2019-12-23,42.4966815,-96.4058782
Sioux Fall,22,2019-12-23,46.737158,-90.8801835
South Bend,34,2019-12-23,41.6833813,-86.2500066
Spokane WA,38,2019-12-23,47.6579425,-117.4212265
Springfield MO,28,2019-12-23,37.2166779,-93.2920373
Springfield,36,2019-12-23,39.7990175,-89.6439575
St. Joseph MO,23,2019-12-23,39.7686055,-94.8466322
St. Louis MO,34,2019-12-23,38.6529545,-90.24111656024635
Syracuse NY,44,2019-12-23,43.0481221,-76.1474244
Tallahassee FL,14,2019-12-23,30.4380832,-84.2809332
Tampa,31,2019-12-23,27.9477595,-82.458444
Terre Haute IN,37,2019-12-23,39.4667025,-87.4139119
Toledo OH,38,2019-12-23,41.6786754,-83.5127283
Topeka KS,47,2019-12-23,39.049011,-95.677556
Traverse City,53,2019-12-23,44.7606441,-85.6165301
Tri,27,2019-12-23,35.875259,-78.7751271
Tucson,43,2019-12-23,32.2228765,-110.9748477
Tulsa OK,32,2019-12-23,36.1556805,-95.9929113
Twin Falls ID,36,2019-12-23,42.5704219,-114.4603171
Tyler,47,2019-12-23,32.3512601,-95.3010624
Utica NY,30,2019-12-23,43.1009031,-75.2326641
Victoria TX,41,2019-12-23,28.8026443,-96.9766308
Waco,36,2019-12-23,31.549333,-97.1466695
Washington DC,33,2019-12-23,38.8948932,-77.0365529
Watertown NY,52,2019-12-23,43.9747838,-75.9107565
Wausau,42,2019-12-23,44.9596017,-89.6298239
West Palm Beach,24,2019-12-23,26.7153425,-80.0533746
Wheeling WV,36,2019-12-23,40.0639616,-80.7209149
Wichita Falls TX,36,2019-12-23,33.9137085,-98.4933873
Wichita,35,2019-12-23,37.6922361,-97.3375448
Wilkes Barre,41,2019-12-23,41.2464824,-75.8817316
Wilmington NC,33,2019-12-23,34.2257282,-77.9447107
Yakima,43,2019-12-23,46.601557,-120.5108421
Youngstown OH,34,2019-12-23,41.1035786,-80.6520161
Yuma AZ,39,2019-12-23,32.6926588,-114.6276157
Zanesville OH,31,2019-12-23,39.9403453,-82.0131924
